MA4 TRAINWISE INTERCHANGE,,,,,,,,,,,,,,,,,,,,,,,,,,,,,,,,,,,,,,,,,,,,,,,,,,,,,,,,,,,,,,,,,,,,,,,,,,,,,,,,,,,
[  Zone: WR,  DateFrom: 03-01-2026,  DateTo: 03-01-2026,  Gauge: BG,;  TakenOver: 197=233+0;  HandedOver: 185=217+0;  HandedOverCc8Cont: 147;  HandedOverCc6Cont: 11;  TakenOverCc8Cont: 137;  TakenOverCc6Cont: 7 ],,,,,,,,,,,,,,,,,,,,,,,,,,,,,,,,,,,,,,,,,,,,,,,,,,,,,,,,,,,,,,,,,,,,,,,,,,,,,,,
DATE,ZONE FROM,ZONE TO,IC STTN,TAKEN OVER SR.NO.,TAKEN OVER DRTN,TAKEN OVER STTN FROM,TAKEN OVER DVSN FROM,TAKEN OVER ZONE FROM,TAKEN OVER STTN TO,TAKEN OVER DVSN TO,TAKEN OVER ZONE TO,TAKEN OVER OWNR,TAKEN OVER LOAD NAME,TAKEN OVER L/E,TAKEN OVER CMDT,TAKEN OVER CNSR,TAKEN OVER CNSG,TAKEN OVER TYPE,TAKEN OVER MULTIDSTN DVSN(DSTN),TAKEN OVER MULTIDSTN UNITS,TAKEN OVER DS,TAKEN OVER 8W(L),TAKEN OVER 8W(E),TAKEN OVER 8W(BV),TAKEN OVER TOTL(8W),TAKEN OVER OWNG,TAKEN OVER LOCO,TAKEN OVER LOCO TYPE,TAKEN OVER LOCO UNTS,TAKEN OVER LOCO HRP,TAKEN OVER TIME,TAKEN OVER CC+6,TAKEN OVER CC+8,TAKEN OVER RAKEID,TAKEN OVER TWIN PIPE,TAKEN OVER CTGR,TAKEN OVER EXAM TYPE,TAKEN OVER TONNAGE(in Tonnes),TAKEN OVER LDNG DATE,TAKEN OVER SCHEME CODE,HANDED  OVER INTERCHANGE POINT STATION,HANDED  OVER INTERCHANGE POINT DIVISION,HANDED  OVER INTERCHANGE POINT ZONE,HANDED OVER SR.NO.,TAKEN OVER INTERCHANGE  POINT STATION,TAKEN OVER INTERCHANGE  POINT DIVISION,TAKEN OVER INTERCHANGE  POINT ZONE,HANDED OVER DRTN,HANDED OVER STTN FROM,HANDED OVER DVSN FROM,HANDED OVER ZONE FROM,HANDED OVER STTN TO,HANDED OVER DVSN TO,HANDED OVER ZONE TO,HANDED OVER OWNR,HANDED OVER LOAD NAME,HANDED OVER L/E,HANDED OVER CMDT,HANDED OVER CNSR,HANDED OVER CNSG,HANDED OVER TYPE,HANDED OVER MULTIDSTN DVSN(DSTN),HANDED OVER MULTIDSTN UNITS,HANDED OVER DS,HANDED OVER 8W(L),HANDED OVER 8W(E),HANDED OVER 8W(BV),HANDED OVER TOTL(8W),HANDED OVER OWNG,HANDED OVER LOCO,HANDED OVER LOCO TYPE,HANDED OVER LOCO UNTS,HANDED OVER LOCO HRP,HANDED OVER TIME,HANDED OVER CC+6,HANDED OVER CC+8,HANDED OVER RAKEID,HANDED OVER TWIN PIPE,HANDED OVER CTGR,HANDED OVER EXAM TYPE,HANDED OVER TONNAGE(in Tonnes),HANDED OVER LDNG DATE,HANDED OVER SCHEME CODE
03-01-2026,WR,CR,BSR,1,KYN,JSWT,UBL,SW,STD,BKN,NW,IR,STD+MSTB/23.30,L,IS,JVML,JVML,BRN,"BKN(STD), JP(MSTB)",33+10,N,43,0,1,43.0+1.0,SE,41265,WAG9HC,MU,N,00:17,,Y,BSPC101225113011,N,,Intensive,2506.76,,,GTX,WDFC,DFCR,1,,,,KYN,AFAS,BCT,WR,JNPT,BB,CR,IR,ADANI-007--,L,CONT,ADIL,ADIL,BLC,,,N,45,0,0,45.0+0.0,EC,38423,WAG9HC,MU,S,05:49,,Y,SMYD030725205730,N,C,Valid CC,788.1,,
03-01-2026,WR,CR,BSR,,,,,SW,,,NW,,,,,,,,,,,,,,,SE,43132,WAG9HC,MU,N,,,,,N,,,,,,,,,,,,,,,,WR,,,CR,,,,,,,,,,,,,,,EC,38512,WAG9HC,MU,S,,,,,N,,,,,
03-01-2026,WR,CR,BSR,2,KYN,JNPT,BB,CR,AFAS,BCT,WR,BXTS,ADANI--124-AD03,E,CONT,ADIL,ADIL,BLC,,,N,39,1,1,40.0+1.0,NC,44063,WAG9HC,SU,S,04:03,,Y,JTJ 181125200309,Y,C,Valid CC,1194.56,20:30 01-01-26,,,,,2,SAH,WDFC,DFCR,KYN,BHT,BKN,NW,AVC,MYS,SW,BXTS,BHT-AVC,L,R,FCI,FCI,BCN,,,N,42,0,1,42.0+1.0,NR,32233,WAG9HC,SU,D,06:47,Y,,MV  231025213904,N,P,Valid Premium,2685.4,20:30 01-01-26,
03-01-2026,WR,CR,BSR,3,KYN,JNPT,BB,CR,MATP,DLI,NR,IIPL,TWIIL-01--JKTI01,L,CONT,JKTI,JKTI,BLC,,,N,40,5,1,45.0+1.0,NC,41158,WAG9HC,SU,S,04:21,,Y,SMYD161125204133,Y,C,Valid CC,933.31,09:10 02-01-26,,SAH,WDFC,DFCR,3,SAH,WDFC,DFCR,KYN,ICDG,PRYJ,NC,JNPT,BB,CR,IIPL,J-45H--JNPT,L,CONT,CONR,CONR,BLC,,,N,45,0,1,45.0+1.0,WC,42626,WAG9HC,SU,S,07:20,,Y,ICDG270325134752,Y,C,Valid CC,1337.28,09:10 02-01-26,
03-01-2026,WR,CR,BSR,4,KYN,JNPT,BB,CR,MKPP,PRYJ,NC,GIPL,RK-134-PMLP01,L,CONT,PMLP,PMLP,BLSS,,,N,28,20,0,48.0+0.0,WC,33490,WAG9HC,SU,N,05:12,,Y,MKPP270923051627,Y,C,Valid CC,1171.43,23:30 01-01-26,,SJN,WDFC,DFCR,4,SAH,WDFC,DFCR,KYN,ROZA,MB,NR,WH,PGT,SR,GIPL,WH,L,W,KAFO,KAFO,BCN,,,N,42,0,1,42.0+1.0,EC,31313,WAG9,SU,S,09:44,,Y,ED  251025011647,N,P,Valid Premium,2748,23:30 01-01-26,
03-01-2026,WR,CR,BSR,5,KYN,JSWT,UBL,SW,BRCY,BRC,WR,IR,J/BRCY/PRE/20.20,L,IS,JSWT,JSWT,BOXN,,,N,58,0,1,58.0+1.0,SC,27594,WAG7,MU,N,05:48,,Y,ETYD200925100759,N,P,Invalid Premium,3512.75,,,,,,5,,,,KYN,BPAG,DLI,NR,MBPP,BB,CR,IR,BHARAT-1,E,LPG,,,BTPG,,,N,0,34,1,34.0+1.0,NR,60129,WAG12B,SU,D,10:40,,,BSL 160222165911,Y,C,Valid CC,0,,LWIS
03-01-2026,WR,CR,BSR,,,,,SW,,,WR,,,,,,,,,,,,,,,SC,28377,WAG7,MU,N,,,,,N,,,,,,,,,6,,,,KYN,AFAS,BCT,WR,JNPT,BB,CR,IR,RK-TP-44-,L,CONT,ADIL,ADIL,BLC,,,N,45,0,0,45.0+0.0,NR,43522,WAG9HC,SU,S,11:01,,Y,SMYD120123201734,Y,C,Valid CC,601.61,,
03-01-2026,WR,CR,BSR,6,KYN,JNPT,BB,CR,AFAS,BCT,WR,ADIL,AD-7-=AD 175,L,CONT,ADIL,ADIL,BLC,,,N,40,0,1,40.0+1.0,WC,51016,EF9K,SU,S,08:13,,Y,SMYD261024191142,Y,C,Valid CC,1238.12,23:50 31-12-25,,,,,7,SJN,WDFC,DFCR,KYN,MGG,RTM,WR,POY,PGT,SR,ADIL,POY+VNJ,L,DOC,PFLD,PFLD,BCN,"PGT(POY), SA(VNJ)",21+21,N,42,0,1,42.0+1.0,WR,24679,WAG7,SU,D,11:10,,Y,TPGY190925084010,N,P,Invalid Premium,2413.16,23:50 31-12-25,
03-01-2026,WR,CR,BSR,7,KYN,JNPT,BB,CR,CGMV,BRC,WR,CONR,R-82-H-=793,L,CONT,CONR,CONR,BLC,,,N,45,0,1,45.0+1.0,WR,41669,WAG9HC,SU,D,08:24,,Y,TICD171125142333,Y,C,Valid CC,1425.25,21:10 02-01-26,,SJN,WDFC,DFCR,8,SAH,WDFC,DFCR,KYN,CGMV,BRC,WR,JNPT,BB,CR,CONR,JS-14-,L,CONT,CONR,CONR,BLC,,,N,45,0,1,45.0+1.0,CR,70478,WDG4D,SU,N,11:35,,Y,ICDG301025065558,N,C,Valid CC,654.7,21:10 02-01-26,
03-01-2026,WR,CR,BSR,8,KYN,JNPT,BB,CR,PALB,NGP,CR,APSE,PALB-AD/=08,L,CONT,ADIL,ADIL,BLC,,,N,45,0,1,45.0+1.0,CR,42501,WAG9HC,MU,N,08:45,,Y,PALB160425123839,Y,C,Valid CC,1302.16,05:35 02-01-26,,SAH,WDFC,DFCR,9,,,,KYN,CGPT,RTM,WR,JNPT,BB,CR,APSE,ASHOKAP,L,CONT,CONR,CONR,BLC,,,N,45,0,1,45.0+1.0,SC,31232,WAG9,MU,N,12:03,,Y,GMC 291024153648,Y,C,Valid CC,1191.43,05:35 02-01-26,
03-01-2026,WR,CR,BSR,,,,,CR,,,CR,,,,,,,,,,,,,,,CR,42516,WAG9HC,MU,D,,,,,Y,,,,,,,,,,,,,,,,WR,,,CR,,,,,,,,,,,,,,,SC,31236,WAG9,MU,N,,,,,Y,,,,,
03-01-2026,WR,CR,BSR,9,KYN,JNPT,BB,CR,ICDY,AGRA,NC,CONR,R-46/MDCCJAB=787,L,CONT,CONR,CONR,BLC,,,N,45,0,1,45.0+1.0,EC,38599,WAG9HC,SU,N,09:33,,Y,ICDD040925114226,Y,C,Valid CC,1240.61,17:00 02-01-26,,NAD,KOTA,WC,10,SAH,WDFC,DFCR,KYN,SJP,RTM,WR,IGU,SA,SR,CONR,TORAL=26-,L,DOC,LFIL,LFIL,BCNHL,,,N,46,12,1,58.0+1.0,WC,31194,WAG9,SU,S,13:06,,Y,FL  170525105358,Y,C,Valid CC,2429.48,17:00 02-01-26,
03-01-2026,WR,CR,BSR,10,KYN,JNPT,BB,CR,PIDN,RTM,WR,DLI,DLI-1=DPWR01,L,CONT,DPWR,DPWR,BLC,,,N,45,0,1,45.0+1.0,SC,32669,WAG9HC,SU,N,10:50,,Y,DLIB261224203351,Y,C,Valid CC,207,15:25 02-01-26,,,,,11,,,,KYN,AFAS,BCT,WR,JNPT,BB,CR,DLI,AD-08-,L,CONT,ADIL,ADIL,BLC,,,N,45,0,0,45.0+0.0,WR,32418,WAG9HC,SU,D,13:18,,Y,SMYD300423205120,Y,C,Valid CC,640.69,15:25 02-01-26,
03-01-2026,WR,CR,BSR,11,KYN,JNPT,BB,CR,CGMV,BRC,WR,CONR,-J-30H---=791,L,CONT,CONR,CONR,BLC,,,N,45,0,1,45.0+1.0,NE,44052,WAG9HC,SU,S,11:00,,Y,TICD191125080207,Y,C,Valid CC,769.01,19:00 02-01-26,,SAH,WDFC,DFCR,12,,,,KYN,CCTA,BRC,WR,JNPT,BB,CR,CONR,R-90-H-,L,CONT,CONR,CONR,BLC,,,N,45,0,1,45.0+1.0,WR,24678,WAG7,SU,D,14:43,,Y,SMYD260925204850,Y,C,Valid CC,1441.16,19:00 02-01-26,
03-01-2026,WR,CR,BSR,12,KYN,JNPT,BB,CR,AFAS,BCT,WR,CN,AFAS/JNPT5-AD06,L,CONT,ADIL,ADIL,BLC,,,N,45,0,1,45.0+1.0,NR,32783,WAG9HC,SU,S,11:45,,Y,KTTW260424162908,Y,C,Valid CC,1610.05,03:20 02-01-26,,,,,13,SJN,WDFC,DFCR,KYN,VCSN,RTM,WR,TMBY,BB,CR,CN,TMBY/VCSN,L,CEMT,UTCL,UTCL,BCN,,,N,42,0,1,42.0+1.0,WR,43786,WAG9HC,SU,S,15:05,,Y,AGS 300825161526,N,P,Valid Premium,2769.4,03:20 02-01-26,
03-01-2026,WR,CR,BSR,13,KYN,JNPT,BB,CR,CCMP,BPL,WC,CONR,ICDD--CPFS=789,L,CONT,CONR,CONR,BLC,,,N,45,0,1,45.0+1.0,CR,31114,WAG9H,SU,D,12:02,,Y,GMC 240525053209,Y,C,Valid CC,1246.88,19:15 02-01-26,,SAH,WDFC,DFCR,14,,,,KYN,CGMV,BRC,WR,JNPT,BB,CR,CONR,ASHOKAP-J-1H,L,CONT,CONR,CONR,BLC,,,N,38,2,1,40.0+1.0,EC,38338,WAG9HC,SU,N,17:02,,Y,PCPK171025173222,Y,C,Valid CC,820.7,19:15 02-01-26,
03-01-2026,WR,CR,BSR,14,KYN,JNPT,BB,CR,AFAS,BCT,WR,ADIL,ALIK012-=ADIL10,L,CONT,ADIL,ADIL,BLC,,,N,45,0,1,45.0+1.0,WR,31488,WAG9HC,SU,D,13:14,,Y,ALIK191225121725,Y,C,Valid CC,2267.02,19:00 02-01-26,,SAH,WDFC,DFCR,15,,,,KYN,BOR,BCT,WR,JSWD,BB,CR,ADIL,JSWD-2-,E,,,,BFNV,,,N,0,58,1,58.0+1.0,WR,41430,WAG9HC,SU,D,17:06,,,MJMK080523152355,Y,C,Valid CC,0,19:00 02-01-26,SFTO
03-01-2026,WR,CR,BSR,15,KYN,JNPT,BB,CR,CGMV,BRC,WR,CONR,T-78-H---=797,L,CONT,CONR,CONR,BLC,,,N,45,0,1,45.0+1.0,CR,31074,WAG9HC,SU,N,13:30,,Y,CKYR070225154509,Y,C,Valid CC,772.4,23:45 02-01-26,,SJN,WDFC,DFCR,16,,,,KYN,AFAS,BCT,WR,JNPT,BB,CR,CONR,PLPC-02-,L,CONT,ADIL,ADIL,BLC,,,N,40,0,1,40.0+1.0,WR,41610,WAG9HC,SU,S,17:44,,Y,JUDW300425211157,Y,C,Valid CC,609.59,23:45 02-01-26,
03-01-2026,WR,CR,BSR,16,KYN,PNCS,BB,CR,NCLW,ADI,WR,PMLP,PRIS-07-,L,CONT,NCLC,NCLC,BLC,,,N,45,0,0,45.0+0.0,WC,41782,WAG9HC,MU,S,14:48,,Y,VGLJ220325204545,Y,C,Valid CC,2724.67,04:45 03-01-26,,SJN,WDFC,DFCR,17,,,,KYN,KRCA,BRC,WR,PSHI,SA,SR,PMLP,BRAJ-44FO,L,LDO,IOC,IOC,BTPN,,,N,50,0,2,50.0+2.0,SEC,33187,WAG9HC,SU,N,18:21,,Y,BAD 230725071010,N,C,Valid CC,2718.75,04:45 03-01-26,
03-01-2026,WR,CR,BSR,,,,,CR,,,WR,,,,,,,,,,,,,,,WC,41836,WAG9HC,MU,S,,,,,Y,,,,,,,,,18,,,,KYN,BOR,BCT,WR,DRSV,SUR,CR,PMLP,DRSV+KWV/BCN,L,IMFT,RCF,RCF,BCN,"SUR(DRSV,KWV)",21+20,N,41,0,1,41.0+1.0,NR,32745,WAG9HC,SU,S,18:47,,Y,MVNP090624173635,N,P,Valid Premium,2613.2,04:45 03-01-26,
03-01-2026,WR,CR,BSR,17,KYN,KTIG,BB,CR,CMLK,WDFC,DFCR,CONR,M=1--,L,CONT,CONR,CONR,BLL,,,N,40,0,0,40.0+0.0,SC,43838,WAG9HC,SU,S,16:18,,Y,TICD081125034545,Y,C,Valid CC,1972.81,02:20 03-01-26,,SJN,WDFC,DFCR,19,,,,KYN,AFAS,BCT,WR,PATP,BB,CR,CONR,ADANI-112-,L,CONT,ADIL,ADIL,BLC,,,N,45,0,1,45.0+1.0,CR,42118,WAG9HC,SU,S,19:50,,Y,SMYD130525201712,Y,C,Valid CC,224,02:20 03-01-26,
03-01-2026,WR,CR,BSR,18,KYN,JNPT,BB,CR,AFAS,BCT,WR,ADIL,NTSJ-ADIL09,L,CONT,ADIL,ADIL,BLC,,,N,40,0,0,40.0+0.0,ER,28084,WAG7,SU,N,17:04,,Y,KTTW180323210114,Y,C,Valid CC,1811.7,14:05 02-01-26,,,,,20,SAH,WDFC,DFCR,KYN,AOMM,ADI,WR,MAAM,SBC,SW,ADIL,ICAK-20,L,CONT,ILSL,ILSL,BLC,,,N,45,0,0,45.0+0.0,NE,44254,WAG9HC,SU,N,20:14,,Y,ICAK050325164010,Y,C,Valid CC,3112.7,14:05 02-01-26,
03-01-2026,WR,CR,BSR,19,KYN,CRTK,BB,CR,TCLS,RJT,WR,CNCR,"J-48,H-",L,CONT,CONR,CONR,BLC,,,N,40,0,1,40.0+1.0,EC,31060,WAG9,SU,S,17:40,,Y,CTKR060825092515,Y,C,Valid CC,212.04,19:45 02-01-26,,SAH,WDFC,DFCR,21,,,,KYN,BNGD,BCT,WR,JNPT,BB,CR,CNCR,R-104-H--,L,CONT,CONR,CONR,BLC,,,N,45,0,0,45.0+0.0,SEC,28229,WAG7,MU,N,20:49,,Y,KTTY160625092829,Y,C,Valid CC,2021.56,19:45 02-01-26,
03-01-2026,WR,CR,BSR,20,KYN,JNPT,BB,CR,CPFS,WDFC,DFCR,CONR,R-137H---M=771,L,CONT,CONR,CONR,BLC,,,N,39,1,1,40.0+1.0,EC,31412,WAG9H,SU,N,18:01,,Y,ICDD280725190933,N,C,Valid CC,1018.66,18:45 01-01-26,,SJN,WDFC,DFCR,,,,,,,,WR,,,CR,,,,,,,,,,,,,,,SEC,28315,WAG7,MU,S,,,,,Y,,,,,
03-01-2026,WR,CR,BSR,21,KYN,JNPT,BB,CR,KPFP,BPL,WC,CRRP,TXDP-25-=CRRS04,L,CONT,CRRS,CRRS,BLC,,,N,45,0,0,45.0+0.0,NE,43849,WAG9HC,SU,S,18:54,,Y,KBGB111023150958,Y,C,Valid CC,1058.08,04:10 03-01-26,,SJN,WDFC,DFCR,22,SAH,WDFC,DFCR,KYN,ICDD,PRYJ,NC,JNPT,BB,CR,CRRP,R-65-JNPT,L,CONT,CONR,CONR,BLC,,,N,45,0,0,45.0+0.0,CR,21971,WCAG1,MU,N,21:05,,Y,RYD 131224174108,Y,C,Valid CC,1266.23,04:10 03-01-26,
03-01-2026,WR,CR,BSR,22,KYN,JNPT,BB,CR,AFAS,BCT,WR,GIPL,RK-19-=ADIL11,L,CONT,ADIL,ADIL,BLC,,,N,40,0,1,40.0+1.0,WR,43911,WAG9HC,SU,S,19:49,,Y,GMC 040725225057,Y,C,Valid CC,1303.97,21:45 02-01-26,,SAH,WDFC,DFCR,,,,,,,,NC,,,CR,,,,,,,,,,,,,,,CR,21974,WCAG1,MU,N,,,,,Y,,,,,
03-01-2026,WR,CR,BSR,23,KYN,JNPT,BB,CR,CGMV,BRC,WR,CONR,R-102-----=705,L,CONT,CONR,CONR,BLC,,,N,45,0,1,45.0+1.0,EC,38423,WAG9HC,MU,S,20:35,,Y,ICDD121125113750,Y,C,Valid CC,430.17,07:30 03-01-26,,SJN,WDFC,DFCR,23,SAH,WDFC,DFCR,KYN,ICDD,PRYJ,NC,JNPT,BB,CR,CONR,SNF-J-29H/JNPT,L,CONT,CONR,CONR,BLC,,,N,45,0,1,45.0+1.0,WC,41755,WAG9HC,SU,S,21:05,,Y,ICDG200622125613,Y,C,Valid CC,1422.89,07:30 03-01-26,
03-01-2026,WR,CR,BSR,,,,,CR,,,WR,,,,,,,,,,,,,,,EC,38512,WAG9HC,MU,S,,,,,Y,,,,,,,,,24,SAH,WDFC,DFCR,KYN,FN,DLI,NR,CCH,PUNE,CR,CONR,TCOI=01--,E,,,,BCACBM,,,N,0,27,1,27.0+1.0,WR,42470,WAG9HC,SU,D,21:11,,,JUDW200924155708,Y,C,Valid CC,0,07:30 03-01-26,
03-01-2026,WR,CR,BSR,24,KYN,BOR,BCT,WR,BOR,BCT,WR,JSWT,JSWD-11-,L,IS,JSWT,JSWT,BFNV,,,N,58,0,0,58.0+0.0,SC,69099,WDG6G,MU,N,21:00,,Y,MJMK300523190944,Y,C,Valid CC,3271.37,,SFTO,,,,25,,,,KYN,AFAS,BCT,WR,JNPT,BB,CR,JSWT,ADANI-114-,L,CONT,ADIL,ADIL,BLC,,,N,45,0,1,45.0+1.0,NR,33778,WAG9HC,SU,D,21:14,,Y,SMYD151025214425,Y,C,Valid CC,1345.29,,
03-01-2026,WR,CR,BSR,,,,,WR,,,WR,,,,,,,,,,,,,,,SC,69160,WDG6G,MU,N,,,,,Y,,,,,,,,,,,,,,,,,,,,,,,,,,,,,,,,,,,,,,,,,,,,,,,,
03-01-2026,WR,CR,BSR,25,KYN,ICDD,PRYJ,NC,JNPT,BB,CR,CONR,SNF-J-29H/JNPT,L,CONT,CONR,CONR,BLC,,,N,45,0,1,45.0+1.0,WC,41755,WAG9HC,SU,S,21:30,,Y,ICDG200622125613,Y,C,Valid CC,1422.89,23:55 01-01-26,,,,,,,,,,,,,,,,,,,,,,,,,,,,,,,,,,,,,,,,,,,,
03-01-2026,WR,CR,BSR,26,KYN,JNPT,BB,CR,CCTA,BRC,WR,CONR,T-74H--=711,L,CONT,CONR,CONR,BLC,,,N,45,0,1,45.0+1.0,NR,43522,WAG9HC,SU,S,23:33,,Y,ICDD111225013120,Y,C,Valid CC,2355.4,12:40 03-01-26,,,,,,,,,,,,,,,,,,,,,,,,,,,,,,,,,,,,,,,,,,,,
03-01-2026,WR,CR,JL,1,NDB,HSLH,R,SEC,TSWS,BRC,WR,IR,N/TSWS,L,NPHC,MCWP,GSEC,BOXN,,,N,59,0,1,59.0+1.0,NR,24626,WAG7,SU,N,00:26,,Y,UDLU141125165012,N,P,Valid Premium,4086.36,04:40 29-12-25,,,,,1,,,,NDB,PLD,BCT,WR,BSL,BSL,CR,JSWT,INT-FIT,E,,,,BOXNHL,,,N,0,57,0,57.0+0.0,WR,33378,WAG9HC,SU,S,01:35,,,GY  011124101652,N,,Intensive,0,,
03-01-2026,WR,CR,JL,2,NDB,JNCS,DHN,EC,TPHS,BCT,WR,IR,PRM-5136,L,PHC,NCL,GSEC,BOXN,,,N,57,2,1,59.0+1.0,WR,43569,WAG9HC,SU,S,01:35,,Y,ADTP060825043432,N,P,Valid Premium,3977.4,09:15 31-12-25,,,,,2,,,,NDB,AEMD,BCT,WR,BSL,BSL,CR,CONR,PM-50833-,E,,,,BOXNHL,,,N,0,59,1,59.0+1.0,CR,60303,WAG12B,SU,D,01:55,,,BLEY200825222051,N,P,Invalid Premium,0,23:55 01-01-26,
03-01-2026,WR,CR,JL,3,NDB,KMKA,BSP,SEC,JPGN,BCT,WR,IR,PEE5946-JPGN,L,PHC,SECL,JNDP,BOXN,,,N,59,0,1,59.0+1.0,NC,32635,WAG9H,SU,S,04:50,,Y,BZA 160825201212,N,P,Valid Premium,4118.35,14:40 30-12-25,,,,,3,,,,NDB,JNPT,BB,CR,CCMP,BPL,WC,CONR,MDCC-JS-=745,L,CONT,CONR,CONR,BLC,,,N,40,0,0,40.0+0.0,NF,33545,WAG9HC,SU,N,03:35,,Y,ICDD250924162946,Y,C,Valid CC,1110.01,12:40 03-01-26,
03-01-2026,WR,CR,JL,4,NDB,PALB,NGP,CR,JNPT,BB,CR,APSE,PALB-AD/111,L,CONT,ADIL,ADIL,BLC,,,N,45,0,1,45.0+1.0,WC,42569,WAG9HC,SU,S,10:46,,Y,PALB170925113334,Y,C,Valid CC,2423.66,23:40 01-01-26,,,,,4,,,,NDB,PPSP,BVC,WR,MTDI,NED,SC,IR,SATHL-TP-133,L,IMFT,RCF,RCF,BCNHL,"NED(MTDI,PBN)",29+29,N,58,0,1,58.0+1.0,SE,31906,WAG9H,MU,N,05:03,,Y,STA 290325111848,Y,C,Valid CC,3352.4,04:40 29-12-25,
03-01-2026,WR,CR,JL,5,NDB,BIA,R,SEC,SBTG,ADI,WR,IR,LOHA-BRN3-SBTG,L,RMC,RAIL,RAIL,BRN,,,N,42,0,1,42.0+1.0,NC,27447,WAG7,SU,S,16:36,,Y,BSPC270923222800,Y,C,Valid CC,2029.8,,,,,,,,,,,,,WR,,,SC,,,,,,,,,,,,,,,SE,43123,WAG9HC,MU,N,,,,,Y,,,,,
03-01-2026,WR,CR,JL,,,,,SEC,,,WR,,,,,,,,,,,,,,,WR,49322,WDG4G,SU,N,,,,,Y,,,,,,,,,5,,,,NDB,JNPT,BB,CR,DLIB,NGP,CR,IR,DLI-011CRRS02,L,CONT,CRRS,CRRS,BLC,,,N,40,0,1,40.0+1.0,EC,31532,WAG9H,SU,S,05:30,,Y,DLIB120924112542,N,C,Valid CC,1672.64,14:40 30-12-25,
03-01-2026,WR,CR,JL,6,NDB,CCMP,BPL,WC,JNPT,BB,CR,CONR,R=56H-,L,CONT,CONR,CONR,BLC,,,N,45,0,0,45.0+0.0,WR,43548,WAG9HC,SU,S,18:25,,Y,TICD031025220459,Y,C,Valid CC,1180.07,16:00 02-01-26,,,,,6,,,,NDB,NDB,BCT,WR,ICDW,SBC,SW,APSE,GT-07-,L,CONT,CONR,CONR,BLC,,,N,45,0,0,45.0+0.0,WR,60577,WAG12B,SU,N,06:15,,Y,TICD231225164826,Y,C,Valid CC,2763,23:40 01-01-26,
03-01-2026,WR,CR,JL,7,NDB,TPSK,BSP,SEC,KEBG,BCT,WR,CONR,CONCOR-C-117-KEB,L,CONT,CONR,CONR,BLC,,,N,45,0,1,45.0+1.0,EC,43279,WAG9,SU,S,19:42,,Y,CCJS120725143633,Y,C,Valid CC,2391.4,22:00 30-12-25,,,,,7,,,,NDB,LKKD,BCT,WR,HIMB,JBP,WC,IR,AFAS/JNPT7-,L,CONT,ADIL,ADIL,BLC,,,N,45,0,0,45.0+0.0,WC,51015,EF9K,SU,S,11:40,,Y,AFAS201124090526,Y,C,Valid CC,207,,
03-01-2026,WR,CR,JL,8,NDB,NSPN,RTM,WR,CHM,BCT,WR,KRIL,KRIL-21,L,CONT,DPWR,DPWR,BLC,,,N,45,0,1,45.0+1.0,CR,60431,WAG12B,SU,D,20:22,,Y,MKIG111124102248,Y,C,Valid CC,2984.9,22:50 02-01-26,,,,,8,,,,NDB,CUE,BCT,WR,EOLD,NGP,CR,IR,SAYAJI-50[WO,L,MIXD,NERL,NERL,BTPN,,,N,50,0,2,50.0+2.0,WR,31859,WAG9HC,SU,D,12:10,,Y,KRCA141025204338,N,C,Valid CC,2511.05,,
03-01-2026,WR,CR,JL,9,NDB,C,CPT,CPT,JNPT,BB,CR,GIPL,PMLP-07-=DOCK,L,CONT,PMLP,PMLP,BLC,,,N,44,1,0,45.0+0.0,ER,38639,WAG9HC,SU,N,22:06,,Y,NHYD270425160031,Y,C,Valid CC,1195.05,,,JL,BSL,CR,9,,,,NDB,AEMD,BCT,WR,BSL,BSL,CR,CONR,TPDDU1831-,E,,,,BOXNHL,,,N,0,57,1,57.0+1.0,SW,38380,WAG9HC,MU,N,13:07,,,DDU 041225023858,Y,C,Valid CC,0,16:00 02-01-26,
03-01-2026,WR,CR,JL,10,NDB,RGTM,NGP,CR,UNGU,BCT,WR,IR,UNGU,L,CEMT,RECC,RECC,BCN,"BCT(BL,UNGU)",10+32,N,42,0,1,42.0+1.0,NC,27474,WAG7,SU,S,23:14,,Y,DSN 270825201117,N,P,Invalid Premium,2765.2,22:35 31-12-25,,,,,,,,,,,,WR,,,CR,,,,,,,,,,,,,,,SW,43315,WAG9HC,MU,N,,,,,Y,,,,,
03-01-2026,WR,CR,JL,11,NDB,OKSR,BSP,SEC,AEMD,BCT,WR,IR,VIRAT-92-AEMD,L,PHC,SECL,ADEM,BOXNS,,,N,59,0,0,59.0+0.0,CR,27365,WAG7,MU,N,23:42,,Y,BLEY151025074811,Y,C,Valid CC,4177.35,21:15 31-12-25,,,,,10,,,,NDB,MAPD,BRC,WR,JL,BSL,CR,KRIL,TPDDU1392-,E,,,,BOXNHL,,,N,0,58,1,58.0+1.0,SR,42654,WAG9HC,SU,D,14:40,,,DDU 050725123253,Y,C,CC OverDue,0,22:50 02-01-26,
03-01-2026,WR,CR,JL,,,,,SEC,,,WR,,,,,,,,,,,,,,,CR,27772,WAG7,MU,N,,,,,Y,,,,,,,,,11,NOL,WDFC,DFCR,NDB,TCLS,RJT,WR,ICDT,MAS,SR,GIPL,CONCOR-C-89,L,CONT,CONR,CONR,BLC,,,N,45,0,0,45.0+0.0,SW,41273,WAG9HC,SU,N,15:25,,Y,CCJS241024133051,Y,C,Valid CC,2774.5,,
03-01-2026,WR,CR,JL,,,,,,,,,,,,,,,,,,,,,,,,,,,,,,,,,,,,,,,,,12,NOL,WDFC,DFCR,NDB,KPRK,ADI,WR,WGCR,R,SEC,IR,WGCR/MOP,L,IMOP,OPIL,OPIL,BCN,,,N,42,0,1,42.0+1.0,NR,33672,WAG9HC,SU,S,16:01,,Y,TPGY270825091142,N,P,Valid Premium,2105.04,22:35 31-12-25,
03-01-2026,WR,CR,JL,,,,,,,,,,,,,,,,,,,,,,,,,,,,,,,,,,,,,,,,,13,,,,NDB,DGFJ,BRC,WR,NLOD,WAT,ECO,IR,CWC-R-003-,L,CONT,CWC,NOMA,BLSS,,,N,48,0,0,48.0+0.0,WC,23670,WAG5H,MU,N,17:50,,Y,SMYD220125214946,Y,C,Valid CC,3364,21:15 31-12-25,
03-01-2026,WR,CR,JL,,,,,,,,,,,,,,,,,,,,,,,,,,,,,,,,,,,,,,,,,,,,,,,,WR,,,ECO,,,,,,,,,,,,,,,WC,24422,WAG5H,MU,N,,,,,Y,,,,,
03-01-2026,WR,CR,JL,,,,,,,,,,,,,,,,,,,,,,,,,,,,,,,,,,,,,,,,,14,,,,NDB,PDP,BCT,WR,NDL,GNT,SC,APSE,NDN/NDL+TDD,L,FERT,RMPC,RMPC,BCN,"BZA(TDD), GNT(NDL)",21+21,N,42,0,1,42.0+1.0,NC,32635,WAG9H,SU,S,19:10,Y,,BPB 170625070036,N,P,Valid Premium,2646,05:35 02-01-26,
03-01-2026,WR,CR,JL,,,,,,,,,,,,,,,,,,,,,,,,,,,,,,,,,,,,,,,,,15,,,,NDB,KBCS,BRC,WR,TDD,BZA,SC,APSE,KBCS/TDD,L,FERT,KRIB,KRIB,BCN,,,N,42,0,1,42.0+1.0,NE,38762,WAG9HC,SU,N,20:01,,Y,DSN 130525170455,N,P,Valid Premium,2650.94,05:35 02-01-26,
03-01-2026,WR,CR,JL,,,,,,,,,,,,,,,,,,,,,,,,,,,,,,,,,,,,,,,,,16,JL,BSL,CR,NDB,C,CPT,CPT,JNPT,BB,CR,CONR,PMLP-07-=DOCK,L,CONT,PMLP,PMLP,BLC,,,N,44,1,0,45.0+0.0,ER,38639,WAG9HC,SU,N,23:40,,Y,NHYD270425160031,Y,C,Valid CC,1195.05,19:15 02-01-26,
03-01-2026,WR,CR,JL,,,,,,,,,,,,,,,,,,,,,,,,,,,,,,,,,,,,,,,,,17,,,,NDB,NOL,BCT,WR,PALB,NGP,CR,IR,PALB-AD/=08,L,CONT,ADIL,ADIL,BLC,,,N,45,0,1,45.0+1.0,CR,42501,WAG9HC,MU,N,23:42,,Y,PALB160425123839,Y,C,Valid CC,1302.16,,
03-01-2026,WR,CR,JL,,,,,,,,,,,,,,,,,,,,,,,,,,,,,,,,,,,,,,,,,,,,,,,,WR,,,CR,,,,,,,,,,,,,,,CR,42516,WAG9HC,MU,D,,,,,Y,,,,,
03-01-2026,WR,CR,JL,,,,,,,,,,,,,,,,,,,,,,,,,,,,,,,,,,,,,,,,,18,NOL,WDFC,DFCR,NDB,SIOB,ADI,WR,ASLS,BZA,SC,IR,TPDDU1622-,L,CHES,DSRI,ANSL,BOXNHL,,,N,59,0,1,59.0+1.0,WC,31586,WAG9H,SU,N,23:55,,Y,DDU 260925055157,Y,C,Valid CC,4142.08,,
03-01-2026,WR,CR,KNW,,,,,,,,,,,,,,,,,,,,,,,,,,,,,,,,,,,,,,,,,1,,,,INDB,NSPN,RTM,WR,CHM,BCT,WR,ICTI,KRIL-21,L,CONT,DPWR,DPWR,BLC,,,N,45,0,1,45.0+1.0,CR,60431,WAG12B,SU,D,10:00,,Y,MKIG111124102248,Y,C,Valid CC,2984.9,10:30 02-01-26,
03-01-2026,WR,CR,KNW,,,,,,,,,,,,,,,,,,,,,,,,,,,,,,,,,,,,,,,,,2,,,,INDB,SWD,RTM,WR,BSPR,BSP,SEC,HPCS,BA-BZA-TP-10.,E,,,,BCNHL,,,N,0,29,1,29.0+1.0,CR,21970,WCAG1,MU,N,15:07,,,BZA 220425172120,Y,C,Valid CC,0,16:25 30-12-25,
03-01-2026,WR,CR,KNW,,,,,,,,,,,,,,,,,,,,,,,,,,,,,,,,,,,,,,,,,,,,,,,,WR,,,SEC,,,,,,,,,,,,,,,CR,21976,WCAG1,MU,N,,,,,Y,,,,,
03-01-2026,WR,CR,KNW,,,,,,,,,,,,,,,,,,,,,,,,,,,,,,,,,,,,,,,,,3,,,,INDB,NKR,RTM,WR,BSPR,BSP,SEC,IR,TPDDU1504-,E,,,,BOXNHL,,,N,0,58,1,58.0+1.0,NC,42696,WAG9HC,SU,N,19:20,,,DDU 070825033947,Y,C,Valid CC,0,11:50 03-01-26,
03-01-2026,WR,DFCR,BHET,1,UP,JNPT,BB,CR,PALB,NGP,CR,APSE,PALB-AD/=08,L,CONT,ADIL,ADIL,BLC,,,N,45,0,1,45.0+1.0,CR,42501,WAG9HC,MU,N,15:00,,Y,PALB160425123839,Y,C,Valid CC,1302.16,05:35 02-01-26,,,,,,,,,,,,,,,,,,,,,,,,,,,,,,,,,,,,,,,,,,,,
03-01-2026,WR,DFCR,BHET,,,,,CR,,,CR,,,,,,,,,,,,,,,CR,42516,WAG9HC,MU,D,,,,,Y,,,,,,,,,,,,,,,,,,,,,,,,,,,,,,,,,,,,,,,,,,,,,,,,
03-01-2026,WR,DFCR,BHET,2,UP,JNPT,BB,CR,CCMP,BPL,WC,CONR,ICDD--CPFS=789,L,CONT,CONR,CONR,BLC,,,N,45,0,1,45.0+1.0,CR,31114,WAG9H,SU,D,18:55,,Y,GMC 240525053209,Y,C,Valid CC,1246.88,19:15 02-01-26,,,,,,,,,,,,,,,,,,,,,,,,,,,,,,,,,,,,,,,,,,,,
03-01-2026,WR,DFCR,BHU,1,UP,FL,JP,NW,GIMB,ADI,WR,IR,FL/E/BCN,E,,,,BCN,,,N,0,42,0,42.0+0.0,WR,49436,WDG4G,SU,N,03:25,,,DSN 060924124126,Y,P,Valid Premium,0,,,,,,,,,,,,,,,,,,,,,,,,,,,,,,,,,,,,,,,,,,,,,
03-01-2026,WR,DFCR,BHU,2,UP,LPBP,UMB,NR,PPSP,BVC,WR,IR,NATRAJ-31,E,LPG,,,BTPG,,,N,0,33,2,33.0+2.0,WR,41932,WAG9HC,SU,S,04:00,,,BSL 211125200412,Y,C,Valid CC,0,,,,,,,,,,,,,,,,,,,,,,,,,,,,,,,,,,,,,,,,,,,,,
03-01-2026,WR,DFCR,BHU,3,UP,MRIK,JP,NW,PRTK,RJT,WR,IR,SAYAJI-31,E,"MS, HSD",,,BTPN,,,N,0,51,0,51.0+0.0,NW,12196,WDG4,SU,N,08:40,,,KRCA230125092302,N,C,Valid CC,0,,,,,,,,,,,,,,,,,,,,,,,,,,,,,,,,,,,,,,,,,,,,,
03-01-2026,WR,DFCR,BHU,4,UP,JBPI,DLI,NR,PPSP,BVC,WR,ICTI,TXBT--19-,L,CONT,BXTS,BXTS,BLC,,,Y,45,0,1,45.0+1.0,WR,60509,WAG12B,SU,N,13:20,,Y,JUDW281024154654,Y,C,Valid CC,1686.79,10:30 02-01-26,,,,,,,,,,,,,,,,,,,,,,,,,,,,,,,,,,,,,,,,,,,,
03-01-2026,WR,DFCR,BHU,5,UP,C,CPT,CPT,NCLW,ADI,WR,HPCS,NCLW,L,CONT,NCLC,NCLC,BLC,,,N,45,0,0,45.0+0.0,NR,12894,WDG4,SU,N,17:00,Y,,SMYD160825151914,Y,C,Valid CC,225,16:25 30-12-25,,,,,,,,,,,,,,,,,,,,,,,,,,,,,,,,,,,,,,,,,,,,
03-01-2026,WR,DFCR,BHU,6,UP,PPV,SPJ,EC,UMB,UMB,NR,IR,BCNE/PPV,E,,,,BCN,,,N,0,42,1,42.0+1.0,NR,49076,WDG4G,SU,N,21:10,,,GY  011125124447,N,P,Invalid Premium,0,,,,,,,,,,,,,,,,,,,,,,,,,,,,,,,,,,,,,,,,,,,,,
03-01-2026,WR,DFCR,BHU,7,UP,LCTS,WDFC,DFCR,NRD,ADI,WR,IR,LCTS/NRD,L,CEMT,JK,JK,BCN,,,N,42,0,1,42.0+1.0,NR,43457,WAG9HC,SU,S,23:30,,Y,ED  020825105010,N,P,Valid Premium,2769.4,11:50 03-01-26,,,,,,,,,,,,,,,,,,,,,,,,,,,,,,,,,,,,,,,,,,,,
03-01-2026,WR,DFCR,CECC,1,UP,ARA,DNR,EC,GIMB,ADI,WR,IR,ARA/BCNHL/,E,,,,BCNHL,,,N,0,58,1,58.0+1.0,EC,27007,WAG7,SU,D,00:36,,,STA 211024164907,Y,C,Valid CC,0,,,,,,1,,,,DN,SNLR,ADI,WR,BE,MB,NR,IR,BE/SALT,L,SALT,JKSA,JKSA,BCN,,,N,42,0,1,42.0+1.0,NF,49564,WDG4G,SU,N,00:48,Y,,KTTY250525190626,Y,P,Valid Premium,2626.4,,
03-01-2026,WR,DFCR,CECC,2,UP,CMLK,WDFC,DFCR,MDCC,ADI,WR,CONR,MDCC-J-21H,L,CONT,CONR,CONR,BLC,,,Y,45,0,1,45.0+1.0,WR,49270,WDG4G,SU,N,00:52,,Y,GMC 010325113259,Y,C,Valid CC,2521.58,05:40 02-01-26,,,,,2,,,,DN,SNLR,ADI,WR,CP,SDAH,ER,CONR,CP/SALT,L,SALT,NVSI,NVSI,BCN,,,N,42,0,1,42.0+1.0,WR,32413,WAG9HC,SU,D,01:28,,Y,DSN 230325181812,N,P,Valid Premium,2616,05:40 02-01-26,
03-01-2026,WR,DFCR,CECC,3,UP,CHPG,BSB,NE,UMB,UMB,NR,IR,BCNE/CHPG,E,,,,BCN,,,N,0,42,1,42.0+1.0,NR,43447,WAG9HC,SU,S,04:06,,,GD  190724140911,N,P,Invalid Premium,0,,,,,,3,,,,DN,BPKR,ADI,WR,BPAJ,JP,NW,IR,SAYAJI-02,L,HSD,BPC,BPC,BTPN,,,N,48,2,2,50.0+2.0,WR,13454,WDG3A,SU,N,01:55,,Y,KRCA200525014446,N,C,Valid CC,2611.2,,
03-01-2026,WR,DFCR,CECC,4,UP,HTPP,DLI,NR,MDCC,ADI,WR,HTPL,JWHT-02-,L,CONT,HTPL,HTPL,BLSS,,,Y,45,0,1,45.0+1.0,NE,27269,WAG7,SU,S,05:05,,Y,TKD 220925185013,Y,C,Valid CC,2078.4,13:00 01-01-26,,,,,4,,,,DN,CHIB,ADI,WR,PRNA,KIR,NF,HTPL,PRNA/SALT,L,SALT,WISB,WISB,BCNAHSM1,,,N,42,0,1,42.0+1.0,WR,41909,WAG9HC,SU,S,02:52,Y,,NHYD311224171013,N,P,Valid Premium,2691.8,13:00 01-01-26,
03-01-2026,WR,DFCR,CECC,,,,,NR,,,WR,,,,,,,,,,,,,,,WR,49380,WDG4G,SU,N,,,,,Y,,,,,,,,,5,,,,DN,MDCC,ADI,WR,ICDK,JP,NW,HTPL,R-12H---,L,CONT,CONR,CONR,BLC,,,Y,44,1,1,45.0+1.0,NF,49571,WDG4G,MU,N,03:32,,Y,TICD221125162805,Y,C,Valid CC,2294.17,13:00 01-01-26,
03-01-2026,WR,DFCR,CECC,5,UP,CMLK,WDFC,DFCR,MDCC,ADI,WR,CONR,T-45-ICMB,L,CONT,CONR,CONR,BLC,,,Y,45,0,1,45.0+1.0,WR,49328,WDG4G,SU,N,06:50,,Y,ICDD240725103133,Y,C,Valid CC,2336.33,10:00 02-01-26,,,,,,,,,,,,WR,,,NW,,,,,,,,,,,,,,,NF,49572,WDG4G,MU,N,,,,,Y,,,,,
03-01-2026,WR,DFCR,CECC,6,UP,IBBM,DLI,NR,MDCC,ADI,WR,ADIL,TXBT-02-,L,CONT,BXTS,BXTS,BLC,,,N,45,0,1,45.0+1.0,WC,31199,WAG9HC,MU,S,06:50,,Y,NHYD040519174046,Y,C,Valid CC,811.92,10:45 01-01-26,,,,,6,,,,DN,MDCC,ADI,WR,MATP,DLI,NR,ADIL,TWIL-08-,L,CONT,JKTI,JKTI,BLC,,,Y,45,0,1,45.0+1.0,NR,60002,WAG12B,SU,D,03:32,,Y,ARIK241224151107,Y,C,Valid CC,2103.48,10:45 01-01-26,
03-01-2026,WR,DFCR,CECC,,,,,NR,,,WR,,,,,,,,,,,,,,,WC,31692,WAG9H,MU,S,,,,,Y,,,,,,,,,7,,,,DN,MDCC,ADI,WR,GDGH,DLI,NR,ADIL,GR-19,L,CONT,GRPL,GRPL,BLC,,,Y,45,0,1,45.0+1.0,WC,41754,WAG9HC,MU,S,06:02,,Y,JUDW100725120040,Y,C,Valid CC,2291.86,10:45 01-01-26,
03-01-2026,WR,DFCR,CECC,7,UP,PDLL,DLI,NR,MDCC,ADI,WR,APSE,AD-19-,L,CONT,ADIL,ADIL,BLC,,,N,45,0,1,45.0+1.0,WR,49354,WDG4G,SU,N,07:05,,Y,JUDW231125205106,Y,C,Valid CC,909.21,04:45 02-01-26,,,,,,,,,,,,WR,,,NR,,,,,,,,,,,,,,,WC,42688,WAG9HC,MU,N,,,,,Y,,,,,
03-01-2026,WR,DFCR,CECC,8,UP,DPP,DLI,NR,MDCC,ADI,WR,HTPL,TXHT-09--,L,CONT,HTPL,HTPL,BLSS,,,N,48,0,0,48.0+0.0,WR,49306,WDG4G,SU,N,09:01,,Y,TKD 141125130438,Y,C,Valid CC,2072.44,23:15 31-12-25,,,,,8,,,,DN,CHIB,ADI,WR,AZA,RNY,NF,HTPL,AZA/SALT,L,SALT,CSIP,CSIP,BCN,,,N,42,0,0,42.0+0.0,NW,41720,WAG9HC,SU,D,07:51,Y,,AGS 081125194901,N,P,Valid Premium,2687.8,23:15 31-12-25,
03-01-2026,WR,DFCR,CECC,9,UP,PGFS,FZR,NR,MDCC,ADI,WR,GRFL,GR--12-,L,CONT,GRPL,GRPL,BLC,,,N,45,0,1,45.0+1.0,WR,69061,WDG6G,SU,N,09:01,,Y,JUDW290324152750,Y,C,Valid CC,1485.01,02:40 01-01-26,,,,,9,,,,DN,MDCC,ADI,WR,DWLP,JP,NW,GRFL,TXDP--06-,L,CONT,CRRS,CRRS,BLC,,,Y,45,0,1,45.0+1.0,EC,28288,WAG7,SU,S,08:16,,Y,JUDW161223133738,Y,C,Valid CC,2295.12,02:40 01-01-26,
03-01-2026,WR,DFCR,CECC,10,UP,LPBP,UMB,NR,LPGS,ADI,WR,IR,HAPY-01,E,LPG,,,BTPG,,,N,0,34,1,34.0+1.0,WR,49231,WDG4G,SU,N,09:17,,,HAPA021225123333,Y,C,Valid CC,0,,,,,,10,,,,DN,LPGS,ADI,WR,IOBP,DLI,NR,IR,HAPY-15,L,LPG,IOC,IOC,BTPG,,,N,32,2,1,34.0+1.0,WR,49378,WDG4G,SU,N,09:05,,Y,HAPA280825174526,Y,C,Valid CC,1203.2,,
03-01-2026,WR,DFCR,CECC,11,UP,PDLL,DLI,NR,MDCC,ADI,WR,APSE,AD-23-,L,CONT,ADIL,ADIL,BLC,,,Y,45,0,1,45.0+1.0,EC,38040,WAG9HC,SU,N,09:32,,Y,CEBD070723181209,Y,C,Valid CC,840.25,01:00 01-01-26,,,,,11,,,,DN,MDCC,ADI,WR,IBBM,DLI,NR,APSE,TWHT-12--,L,CONT,HTPL,HTPL,BLC,,,N,45,0,1,45.0+1.0,WR,49365,WDG4G,SU,N,09:45,,Y,JUDW230725130010,Y,C,Valid CC,1278.35,01:00 01-01-26,
03-01-2026,WR,DFCR,CECC,12,UP,GZB,DLI,NR,GIMB,ADI,WR,IR,GZB-EBCN,E,,,,BCN,,,N,0,42,0,42.0+0.0,NE,42097,WAG9HC,SU,S,09:40,,,DSN 131225181149,N,P,Invalid Premium,0,,,,,,12,,,,DN,MDCC,ADI,WR,GDGH,DLI,NR,IR,PGFS,L,CONT,GRPL,GRPL,BLC,,,Y,45,0,1,45.0+1.0,WR,49253,WDG4G,SU,N,10:40,,Y,JUDW230224121811,Y,C,Valid CC,2316.32,,
03-01-2026,WR,DFCR,CECC,13,UP,ICDD,PRYJ,NC,MDCC,ADI,WR,CONR,GS-16-MDCC-/MDCC,L,CONT,CONR,CONR,BLC,,,Y,45,0,1,45.0+1.0,ER,43898,WAG9HC,SU,S,10:04,,Y,ICDD151225200957,Y,C,Valid CC,1926.23,07:00 02-01-26,,,,,13,,,,DN,MDCC,ADI,WR,ICDD,PRYJ,NC,CONR,R-155-H-,L,CONT,CONR,CONR,BLC,,,Y,45,0,1,45.0+1.0,SC,36323,WDS6,SU,N,11:20,,Y,CKYR290925140407,Y,C,Valid CC,2744.37,07:00 02-01-26,
03-01-2026,WR,DFCR,CECC,14,UP,PDLL,DLI,NR,MDCC,ADI,WR,CONR,NIRYAT,L,CONT,ADIL,ADIL,BLC,,,N,45,0,1,45.0+1.0,NR,70869,WDG4D,SU,N,10:30,,Y,FL  190523023831,Y,C,Valid CC,609.11,11:30 02-01-26,,,,,14,,,,DN,IFFG,ADI,WR,PKYN,EDFC,DFCR,CONR,PKYN/FERT,L,FERT,IFFC,IFFC,BCN,,,N,42,0,1,42.0+1.0,NR,49126,WDG4G,SU,N,11:38,,Y,DSN 081125202948,N,P,Valid Premium,2646.7,11:30 02-01-26,
03-01-2026,WR,DFCR,CECC,15,UP,ICDK,JP,NW,MDCC,ADI,WR,CONR,JS-2-MDCC,L,CONT,CONR,CONR,BLC,,,Y,45,0,1,45.0+1.0,WR,49235,WDG4G,SU,N,12:52,,Y,TICD191124145023,Y,C,Valid CC,1921.43,23:55 01-01-26,,,,,15,,,,DN,MDCC,ADI,WR,CMLK,WDFC,DFCR,CONR,R-86H-/-,L,CONT,CONR,CONR,BLC,,,Y,44,1,1,45.0+1.0,WR,24695,WAG7,SU,D,13:20,,Y,TICD110925060028,Y,C,Valid CC,1795.72,23:55 01-01-26,
03-01-2026,WR,DFCR,CECC,16,UP,AGS,JP,NW,GIMB,ADI,WR,IR,AGS/E/BCN,E,,,,BCN,,,N,0,42,1,42.0+1.0,NW,12847,WDG4,SU,N,13:12,,,UMB 130325025745,N,P,Valid Premium,0,,,,,,16,,,,DN,MDCC,ADI,WR,PDLL,DLI,NR,IR,AD-24-,L,CONT,ADIL,ADIL,BLC,,,Y,45,0,1,45.0+1.0,NR,60133,WAG12B,SU,D,13:20,,Y,CEBD201023210644,Y,C,Valid CC,2249.66,,
03-01-2026,WR,DFCR,CECC,17,UP,ICDD,PRYJ,NC,MDCC,ADI,WR,CONR,MS-10-/MDCC,L,CONT,CONR,CONR,BLC,,,Y,45,0,1,45.0+1.0,NR,60112,WAG12B,SU,D,13:56,,Y,ICDD210125092959,Y,C,Valid CC,2178.52,23:10 01-01-26,,,,,17,,,,DN,MDCC,ADI,WR,ICDD,PRYJ,NC,CONR,R-140H/DIC-,L,CONT,CONR,CONR,BLC,,,Y,45,0,1,45.0+1.0,NW,12194,WDG4,SU,N,14:50,,Y,ICDD281225171552,Y,C,Valid CC,1995.09,23:10 01-01-26,
03-01-2026,WR,DFCR,CECC,18,UP,PCWD,DLI,NR,MDCC,ADI,WR,KRIL,ARIL-12-,L,CONT,CRRS,CRRS,BLC,,,N,40,0,0,40.0+0.0,EC,31004,WAG9,SU,N,13:56,,Y,KUND010823173319,Y,C,Valid CC,1406.71,06:00 01-01-26,,,,,18,,,,DN,MDCC,ADI,WR,CMLK,WDFC,DFCR,KRIL,R-125H,L,CONT,CONR,CONR,BLC,,,Y,45,0,0,45.0+0.0,EC,28497,WAG7,SU,S,16:05,,Y,ICDD311225025655,N,,Intensive,2744.37,06:00 01-01-26,
03-01-2026,WR,DFCR,CECC,19,UP,GPHK,UMB,NR,MDCC,ADI,WR,HTPL,GPHK-22-,L,CONT,HTPL,HTPL,BLC,,,N,45,0,0,45.0+0.0,NR,60027,WAG12B,SU,D,14:18,,Y,JUDW270925155939,Y,C,Valid CC,1294.2,07:30 02-01-26,,,,,19,,,,DN,MDCC,ADI,WR,KKDE,DLI,NR,HTPL,YAMUNATP45-,L,IMFT,IFFC,IFFC,BCNHL,,,N,58,0,1,58.0+1.0,NR,60167,WAG12B,SU,D,16:53,,Y,KJGY060522062601,Y,C,Valid CC,3168.54,07:30 02-01-26,
03-01-2026,WR,DFCR,CECC,20,UP,GD,LJN,NE,KOTA,KOTA,WC,IR,BCN/E/MHRL,E,,,,BCN,,,N,0,42,1,42.0+1.0,NR,49030,WDG4G,SU,N,14:47,,,ERM 141125074855,N,P,Valid Premium,0,,,,,,20,,,,DN,MDCC,ADI,WR,DGRN,WDFC,DFCR,IR,PLPC-57-,L,CONT,PMLP,PMLP,BLC,,,Y,40,0,0,40.0+0.0,EC,27001,WAG7,SU,S,18:38,,Y,JUDW131225142920,Y,C,Valid CC,1096.5,,
03-01-2026,WR,DFCR,CECC,21,UP,GDGH,DLI,NR,MDCC,ADI,WR,GIPL,GR--32-,L,CONT,GRPL,GRPL,BLSS,,,Y,48,0,1,48.0+1.0,NR,33306,WAG9HC,SU,D,16:37,,Y,CEBD301123085658,Y,C,Valid CC,2012.23,14:45 01-01-26,,,,,21,,,,DN,MDCC,ADI,WR,DNK,JP,NW,GIPL,TXHT-12-,L,CONT,HTPL,HTPL,BLSS,,,Y,48,0,1,48.0+1.0,WR,69036,WDG6G,SU,N,18:38,,Y,CPY 251125235428,Y,C,Valid CC,2281.4,14:45 01-01-26,
03-01-2026,WR,DFCR,CECC,22,UP,SMI,SPJ,EC,UMB,UMB,NR,IR,BCNE/SMI,E,,,,BCNAHSM1,,,N,0,42,1,42.0+1.0,NR,41664,WAG9HC,SU,D,17:52,,,NHYD250825172149,N,P,Invalid Premium,0,,,,,,22,,,,DN,LPGS,ADI,WR,LPGK,PRYJ,NC,IR,HAPY-6,L,LPG,IOC,IOC,BTPG,,,N,30,2,1,32.0+1.0,WR,32681,WAG9HC,SU,D,19:38,,Y,HAPA160525175412,Y,C,Valid CC,1128,,
03-01-2026,WR,DFCR,CECC,23,UP,IBBM,DLI,NR,MDCC,ADI,WR,CONR,TXBT-23---,L,CONT,BXTS,BXTS,BLC,,,N,45,0,0,45.0+0.0,NR,60140,WAG12B,SU,D,18:10,,Y,TKD 060518153613,Y,C,Valid CC,977.75,20:30 01-01-26,,,,,23,,,,DN,MDCC,ADI,WR,DWLP,JP,NW,CONR,KRIL-7-,L,CONT,CRRS,CRRS,BLC,,,Y,40,0,1,40.0+1.0,WR,43497,WAG9HC,SU,S,19:54,,Y,FL  160623050412,Y,C,Valid CC,2117.45,20:30 01-01-26,
03-01-2026,WR,DFCR,CECC,24,UP,TICD,DLI,NR,MDCC,ADI,WR,CONR,T-101-H-,L,CONT,CONR,CONR,BLC,,,N,45,0,1,45.0+1.0,NR,49192,WDG4G,SU,N,19:00,,Y,TICD021125231924,Y,C,Valid CC,865.76,22:00 01-01-26,,,,,24,,,,DN,KPRK,ADI,WR,SKB,PRYJ,NC,CONR,PADMINI=17-,L,IMOP,OPIL,OPIL,BCNHL,,,N,46,12,0,58.0+0.0,WR,49317,WDG4G,SU,N,20:15,,Y,SMP 110424000907,Y,C,Valid CC,3151,22:00 01-01-26,
03-01-2026,WR,DFCR,CECC,25,UP,PCWD,DLI,NR,MDCC,ADI,WR,CRRP,DPTX-03-,L,CONT,CRRS,CRRS,BLC,,,N,45,0,1,45.0+1.0,WR,43887,WAG9HC,SU,S,19:10,,Y,DPMT260523144538,Y,C,Valid CC,1367.38,07:00 02-01-26,,,,,25,,,,DN,MDCC,ADI,WR,DWLP,JP,NW,CRRP,DPTW-30 -,L,CONT,CRRS,CRRS,BLC,,,Y,44,0,0,44.0+0.0,WR,49421,WDG4G,SU,N,21:39,,Y,SMYD060925221117,Y,C,Valid CC,2506.12,07:00 02-01-26,
03-01-2026,WR,DFCR,CECC,26,UP,GD,LJN,NE,SPR,SDAH,ER,IR,BCN/E/BST,E,,,,BCN,,,N,0,42,1,42.0+1.0,WR,28764,WAG7,SU,D,19:33,,,PNGM121225050548,N,P,Valid Premium,0,,,,,,26,,,,DN,SNLR,ADI,WR,JSME,ASN,ER,IR,JSME+RNG/SALT,L,SALT,SSFI,SSFI,BCN,"ASN(JSME,RNG)",21+21,N,42,0,1,42.0+1.0,SC,42666,WAG9HC,SU,D,23:20,,Y,GIMY221125181616,N,P,Valid Premium,2632.2,,
03-01-2026,WR,DFCR,CECC,27,UP,RUPC,IZN,NE,SPR,SDAH,ER,IR,BNCE,E,,,,BCN,,,N,0,42,1,42.0+1.0,NR,60058,WAG12B,SU,D,19:34,,,ED  270525143851,N,P,Valid Premium,0,,,,,,27,,,,DN,KDLP,ADI,WR,DWLP,JP,NW,IR,CC TV,L,EOIT,AJSL,AJSL,BTPN,,,N,50,0,0,50.0+0.0,WR,49351,WDG4G,SU,N,23:50,,Y,KRCA190925141125,N,C,Valid CC,2714,,
03-01-2026,WR,DFCR,CECC,28,UP,CPC,PRYJ,NC,STA,JBP,WC,IR,CJ-44,E,,,,BCN,,,N,0,42,1,42.0+1.0,WR,49244,WDG4G,SU,N,23:15,,,STA 010825071324,N,P,Valid Premium,0,,,,,,,,,,,,,,,,,,,,,,,,,,,,,,,,,,,,,,,,,,,,,
03-01-2026,WR,DFCR,CECC,29,UP,DWLP,JP,NW,MDCC,ADI,WR,CRRP,DPTX-04--MDCC,L,CONT,CRRS,CRRS,BLC,,,Y,40,0,1,40.0+1.0,NR,49039,WDG4G,SU,N,23:27,,Y,DPMT010923224738,Y,C,Valid CC,1082.12,22:40 02-01-26,,,,,,,,,,,,,,,,,,,,,,,,,,,,,,,,,,,,,,,,,,,,
03-01-2026,WR,DFCR,CECC,30,UP,CMLK,WDFC,DFCR,MDCC,ADI,WR,CONR,R=127-,L,CONT,CONR,CONR,BLC,,,Y,45,0,1,45.0+1.0,NC,33046,WAG9H,SU,S,23:44,,Y,TICD190825072846,Y,C,Valid CC,1664.62,22:55 02-01-26,,,,,,,,,,,,,,,,,,,,,,,,,,,,,,,,,,,,,,,,,,,,
03-01-2026,WR,DFCR,GGM,1,UP,PRNA,KIR,NF,UMB,UMB,NR,IR,AJ130,E,,,,BCN,,,N,0,43,1,43.0+1.0,EC,27478,WAG7,SU,N,01:40,,,MRJ 191124111704,N,P,Invalid Premium,0,,,,,,1,,,,DN,CPN,BRC,WR,FN,DLI,NR,IR,CPN/FN,L,AUTO,TCOI,TCOI,NMG,,,N,25,7,0,32.0+0.0,NC,33010,WAG9H,SU,D,08:18,,Y,BEN 251125155103,N,P,Valid Premium,105.6,,
03-01-2026,WR,DFCR,GGM,2,UP,FN,DLI,NR,ADI,ADI,WR,IR,FN/ENMG,E,,,,NMG,,,N,0,26,0,26.0+0.0,NF,12487,WDG4,SU,N,03:33,,,SSB 211225102535,N,P,Invalid Premium,0,,,,,,,,,,,,,,,,,,,,,,,,,,,,,,,,,,,,,,,,,,,,,
03-01-2026,WR,DFCR,GGM,3,UP,WENA,DNR,EC,KOTA,KOTA,WC,IR,JE/GAYA-WENA,E,,,,BCN,,,N,0,42,0,42.0+0.0,SE,42139,WAG9HC,SU,S,07:22,,,ERM 030825115247,N,P,Invalid Premium,0,,,,,,,,,,,,,,,,,,,,,,,,,,,,,,,,,,,,,,,,,,,,,
03-01-2026,WR,DFCR,GGM,4,UP,BNGS,WDFC,DFCR,BRCY,BRC,WR,IR,BNGS/BRCY+CHM,L,CEMT,SREE,SREE,BCN,"BCT(CHM), BRC(BRCY)",27+15,N,42,0,0,42.0+0.0,WR,43621,WAG9HC,SU,S,16:18,,Y,IZN 170625200826,N,P,Valid Premium,2766.8,02:50 03-01-26,,,,,,,,,,,,,,,,,,,,,,,,,,,,,,,,,,,,,,,,,,,,
03-01-2026,WR,DFCR,GGM,5,UP,KWP,JP,NW,GIMB,ADI,WR,IR,FBD/E/BCN,E,,,,BCN,,,N,0,42,1,42.0+1.0,NE,27754,WAG7,SU,S,21:39,,,SEH 290525114933,N,P,Invalid Premium,0,,,,,,,,,,,,,,,,,,,,,,,,,,,,,,,,,,,,,,,,,,,,,
03-01-2026,WR,DFCR,GTX,1,UP,SSA,BKN,NW,SXB,UBL,SW,IR,SSA-SXB,L,R,FCI,FCI,BCN,,,N,42,0,0,42.0+0.0,NR,31628,WAG9HC,SU,D,17:50,Y,,LR  261225200752,N,,Intensive,2682.8,18:40 31-12-25,,,,,1,,,,DN,KBCS,BRC,WR,KKU,JP,NW,CRRP,YAMUNATP60,L,FERT,KRIB,KRIB,BCNHL,,,N,58,0,1,58.0+1.0,WC,51017,EF9K,SU,S,01:55,,Y,KJGY020623163709,Y,C,Valid CC,3010.2,22:40 02-01-26,
03-01-2026,WR,DFCR,GTX,2,UP,AFGB,ADI,WR,MKIG,BRC,WR,CONR,KRIL-15---,L,CONT,DPWR,DPWR,BLC,,,N,45,0,1,45.0+1.0,WR,41778,WAG9HC,SU,S,18:50,,Y,ARIK270925151913,Y,C,Valid CC,247.5,10:00 02-01-26,,,,,2,,,,DN,UVD,BCT,WR,SBTG,ADI,WR,CONR,ADANI-115--,E,,,,BLC,,,N,0,45,1,45.0+1.0,SW,42328,WAG9HC,SU,S,07:35,,,SMYD241025201300,Y,C,CC OverDue,0,22:55 02-01-26,
03-01-2026,WR,DFCR,GTX,,,,,,,,,,,,,,,,,,,,,,,,,,,,,,,,,,,,,,,,,3,,,,DN,MKIG,BRC,WR,DWLP,JP,NW,IR,DPJP-19-,L,CONT,DPWR,DPWR,BLC,,,N,45,0,1,45.0+1.0,NR,33333,WAG9HC,SU,S,09:18,,Y,CEBD150623202408,Y,C,Valid CC,2808.1,,
03-01-2026,WR,DFCR,GTX,,,,,,,,,,,,,,,,,,,,,,,,,,,,,,,,,,,,,,,,,4,,,,DN,MIHK,BRC,WR,NELM,RJT,WR,IR,KAZIRANGA-09,E,HSD,,,BTPN,,,N,0,50,2,50.0+2.0,WC,31471,WAG9H,SU,D,12:43,,,NJPT230325194653,N,C,Valid CC,0,,
03-01-2026,WR,DFCR,GTX,,,,,,,,,,,,,,,,,,,,,,,,,,,,,,,,,,,,,,,,,5,BSR,BB,CR,DN,JSWT,UBL,SW,STD,BKN,NW,IR,STD+MSTB/23.30,L,IS,JVML,JVML,BRN,"BKN(STD), JP(MSTB)",33+10,N,43,0,1,43.0+1.0,SE,41265,WAG9HC,MU,N,16:57,,Y,BSPC101225113011,N,,Intensive,2506.76,,
03-01-2026,WR,DFCR,GTX,,,,,,,,,,,,,,,,,,,,,,,,,,,,,,,,,,,,,,,,,,,,,,,,SW,,,NW,,,,,,,,,,,,,,,SE,43132,WAG9HC,MU,N,,,,,N,,,,,
03-01-2026,WR,DFCR,GTX,,,,,,,,,,,,,,,,,,,,,,,,,,,,,,,,,,,,,,,,,6,,,,DN,MKIG,BRC,WR,PMKM,DLI,NR,IR,RK-13/,L,CONT,DPWR,DPWR,BLL,,,N,35,0,1,35.0+1.0,WR,31431,WAG9HC,SU,D,20:49,,Y,JUDW141221122559,Y,C,Valid CC,1974,,
03-01-2026,WR,DFCR,GTX,,,,,,,,,,,,,,,,,,,,,,,,,,,,,,,,,,,,,,,,,7,,,,DN,ATUV,BCT,WR,GIMB,ADI,WR,IR,PRGTITP497,E,,,,BOXNHL,,,N,0,59,1,59.0+1.0,CR,43961,WAG9HC,MU,S,21:40,,,BLEY250725040931,Y,C,Valid CC,0,18:40 31-12-25,
03-01-2026,WR,DFCR,GTX,,,,,,,,,,,,,,,,,,,,,,,,,,,,,,,,,,,,,,,,,,,,,,,,WR,,,WR,,,,,,,,,,,,,,,CR,44216,WAG9HC,MU,S,,,,,Y,,,,,
03-01-2026,WR,DFCR,MPR,1,UP,DMGM,NGP,CR,TSWS,BRC,WR,IR,TPDDU1794,L,PHC,WCF,GSEC,BOXNHL,,,N,58,0,1,58.0+1.0,SR,44174,WAG9HC,SU,S,02:26,,Y,DDU 271125020529,Y,C,Valid CC,4067.34,14:05 01-01-26,,,,,1,,,,DN,WCSG,RTM,WR,WCNA,BCT,WR,IR,TPDDU1848-,L,CLKR,WCSG,WCSG,BOXNHL,,,N,58,0,1,58.0+1.0,CR,42471,WAG9HC,MU,N,03:24,,Y,DDU 101225225547,Y,C,Valid CC,4026.57,14:05 01-01-26,
03-01-2026,WR,DFCR,MPR,2,UP,MIHK,BRC,WR,NELM,RJT,WR,IR,TAPTI-119,E,HSD,,,BTPN,,,N,0,50,1,50.0+1.0,EC,38122,WAG9HC,SU,S,04:10,,,BSL 301225055953,Y,C,Valid CC,0,,,,,,,,,,,,,WR,,,WR,,,,,,,,,,,,,,,CR,42472,WAG9HC,MU,N,,,,,Y,,,,,
03-01-2026,WR,DFCR,MPR,3,UP,KBCS,BRC,WR,KKU,JP,NW,IR,YAMUNATP60,L,FERT,KRIB,KRIB,BCNHL,,,N,58,0,1,58.0+1.0,WC,51017,EF9K,SU,S,04:19,,Y,KJGY020623163709,Y,C,Valid CC,3010.2,22:25 02-01-26,,CNA,AII,NW,2,,,,DN,CGMV,BRC,WR,CKYR,ADI,WR,IR,SNF-T-48,L,CONT,CONR,CONR,BLC,,,N,28,17,0,45.0+0.0,WR,60557,WAG12B,SU,N,10:30,,Y,CSTN260525134824,Y,C,Valid CC,1705.69,22:25 02-01-26,
03-01-2026,WR,DFCR,MPR,4,UP,CRPD,WAT,ECO,KKF,ADI,WR,IR,KKF/PIDN,L,IS,RINL,RINL,BOST,,,N,45,0,0,45.0+0.0,WR,32032,WAG9HC,SU,D,06:49,,Y,FPY 291225110217,N,P,Valid Premium,2706.5,17:10 29-12-25,,,,,3,,,,DN,CGPT,RTM,WR,JNPT,BB,CR,IR,R--89H-,L,CONT,CONR,CONR,BLC,,,N,40,0,1,40.0+1.0,WR,28725,WAG7,SU,D,10:33,,Y,ICDD211125215813,Y,C,Valid CC,1053.85,17:10 29-12-25,
03-01-2026,WR,DFCR,MPR,5,UP,JNPT,BB,CR,CGMV,BRC,WR,CONR,SNF-T-=773,L,CONT,CONR,CONR,BLC,,,N,45,0,0,45.0+0.0,WR,60557,WAG12B,SU,N,07:00,,Y,CSTN260525134824,Y,C,Valid CC,891.98,22:20 01-01-26,,,,,4,,,,DN,SSA,BKN,NW,SXB,UBL,SW,CONR,SSA-SXB,L,R,FCI,FCI,BCN,,,N,42,0,0,42.0+0.0,NR,31628,WAG9HC,SU,D,15:01,Y,,LR  261225200752,N,,Intensive,2682.8,22:20 01-01-26,
03-01-2026,WR,DFCR,MPR,6,UP,MRJ,PUNE,CR,KRCA,BRC,WR,IR,SAYAJI-10,E,"HSD, MS",,,BTPN,,,N,0,51,1,51.0+1.0,WR,28757,WAG7,SU,D,07:58,,,KRCA051225181304,N,C,CC OverDue,0,,,,,,5,,,,DN,LFSG,RTM,WR,CHM,BCT,WR,IR,CHM/LFSG,L,CEMT,NVCL,NVCL,BCN,,,N,42,0,1,42.0+1.0,EC,27021,WAG7,SU,S,16:03,,Y,ADRA120925134846,N,P,Valid Premium,2762.6,,
03-01-2026,WR,DFCR,MPR,7,UP,BIA,R,SEC,SBTG,ADI,WR,IR,LOHA-BRN6-SBTG,L,RMC,RAIL,RAIL,BRN,,,N,42,0,1,42.0+1.0,NR,32281,WAG9HC,SU,D,13:30,,Y,BSPC120225133250,N,C,Valid CC,2029.62,,,,,,6,,,,DN,PIDN,RTM,WR,JNPT,BB,CR,IR,TXJMB3--,L,CONT,PMLP,PMLP,BLC,,,N,45,0,1,45.0+1.0,WR,24698,WAG7,SU,D,16:45,,Y,SMYD221024191838,Y,C,Valid CC,1035.52,,
03-01-2026,WR,DFCR,MPR,8,UP,JNPT,BB,CR,MKPP,PRYJ,NC,GIPL,RK-134-PMLP01,L,CONT,PMLP,PMLP,BLSS,,,N,28,20,0,48.0+0.0,WC,33490,WAG9HC,SU,N,15:00,,Y,MKPP270923051627,Y,C,Valid CC,1171.43,23:30 01-01-26,,NAD,KOTA,WC,7,MKC,BPL,WC,DN,ICDM,JHS,NC,JNPT,BB,CR,GIPL,MS-2-,L,CONT,CONR,CONR,BLC,,,N,45,0,0,45.0+0.0,CR,60329,WAG12B,SU,D,20:27,,Y,TICD291225162345,Y,C,Valid CC,1283.36,23:30 01-01-26,
03-01-2026,WR,DFCR,MPR,9,UP,JNPT,BB,CR,MATP,DLI,NR,IIPL,TWIIL-01--JKTI01,L,CONT,JKTI,JKTI,BLC,,,N,40,5,1,45.0+1.0,NC,41158,WAG9HC,SU,S,15:40,,Y,SMYD161125204133,Y,C,Valid CC,933.31,09:10 02-01-26,,NAD,KOTA,WC,8,,,,DN,VCSN,RTM,WR,KEBG,BCT,WR,IIPL,KEBG/VCSN,L,CEMT,UTCL,UTCL,BCN,,,N,42,0,1,42.0+1.0,NR,31762,WAG9HC,SU,S,21:50,,Y,ED  171025213106,N,P,Valid Premium,2769.4,09:10 02-01-26,
03-01-2026,WR,DFCR,MPR,10,UP,JNPT,BB,CR,CGMV,BRC,WR,CONR,R-132H-PPS-=777,L,CONT,CONR,CONR,BLC,,,N,45,0,1,45.0+1.0,WR,42036,WAG9HC,SU,S,17:36,,Y,ICDD011025110021,Y,C,Valid CC,622.95,23:45 01-01-26,,,,,,,,,,,,,,,,,,,,,,,,,,,,,,,,,,,,,,,,,,,,
03-01-2026,WR,DFCR,MSH,1,UP,ICOD,DLI,NR,ADI,ADI,WR,IR,ICOD/E/NMG/ADI,E,,,,NMG,,,N,0,26,0,26.0+0.0,WC,31218,WAG9,SU,S,00:24,,,BSL 291025213435,N,P,Valid Premium,0,,,,,,1,,,,DN,PPSP,BVC,WR,HPCA,DLI,NR,CONR,HAPY-18,L,LPG,HPC,HPC,BTPG,,,N,32,2,1,34.0+1.0,NR,32561,WAG9HC,SU,S,00:52,,Y,HAPA041024113000,Y,C,Valid CC,1173.26,23:45 01-01-26,
03-01-2026,WR,DFCR,MSH,2,UP,LPGK,PRYJ,NC,HAPA,RJT,WR,IR,HAPY-9,E,LPG,,,BTPG,,,N,0,29,1,29.0+1.0,NW,12186,WDG4,SU,N,04:20,,,HAPA030325213000,Y,C,CC OverDue,0,,,,,,2,,,,DN,PPSP,BVC,WR,ICDD,PRYJ,NC,IR,R--48H--DS,L,CONT,CONR,CONR,BLC,,,Y,45,0,1,45.0+1.0,NR,31481,WAG9HC,SU,D,01:45,,Y,ICDD301225095652,Y,C,Valid CC,1322.41,,
03-01-2026,WR,DFCR,MSH,3,UP,ICDD,PRYJ,NC,PPSP,BVC,WR,CONR,MS-12-MDCC/PPSP,L,CONT,CONR,CONR,BLC,,,Y,40,0,1,40.0+1.0,WR,43444,WAG9HC,SU,S,06:27,,Y,ICDD271225134327,Y,C,Valid CC,1474.99,01:10 02-01-26,,,,,3,,,,DN,PPSP,BVC,WR,PCWD,DLI,NR,IR,RK-007-,L,CONT,PRCL,PRCL,BLC,,,N,45,0,1,45.0+1.0,WC,51035,EF9K,SU,S,01:46,,Y,SMYD110825044640,Y,C,Valid CC,1289.08,,
03-01-2026,WR,DFCR,MSH,4,UP,IAGR,DLI,NR,PPSP,BVC,WR,GRFL,PGFS-IAGR,L,CONT,GRPL,GRPL,BLC,,,Y,45,0,1,45.0+1.0,WC,32182,WAG9H,SU,S,12:20,,Y,JUDW250724155733,Y,C,Valid CC,943.76,08:00 02-01-26,,,,,4,,,,DN,LONI,PUNE,CR,FN,DLI,NR,CONR,LONI/FN/NMG,L,AUTO,MLL,MLL,NMG,,,N,25,0,0,25.0+0.0,CR,42040,WAG9HC,SU,S,05:48,,Y,TNPM130724131110,N,P,Invalid Premium,136,01:10 02-01-26,
03-01-2026,WR,DFCR,MSH,5,UP,ICDP,UMB,NR,SCLS,ADI,WR,CN,J-10H.-,L,CONT,CONR,CONR,BLC,,,N,40,0,1,40.0+1.0,CR,60481,WAG12B,SU,N,14:05,,Y,CTKR141225090842,Y,C,Valid CC,2400,23:45 31-12-25,,,,,5,,,,DN,PPSP,BVC,WR,GDGH,DLI,NR,GRFL,GR---28-DS,L,CONT,GRPL,GRPL,BLC,,,Y,45,0,1,45.0+1.0,EC,31265,WAG9,SU,S,07:38,,Y,JUDW130225140945,Y,C,Valid CC,2043.15,08:00 02-01-26,
03-01-2026,WR,DFCR,MSH,6,UP,UNCK,WDFC,DFCR,ASV,ADI,WR,IR,UNCK/MSH/ASV,L,CEMT,UTCL,UTCL,BCN,,,N,42,0,1,42.0+1.0,WR,49261,WDG4G,SU,N,15:46,,Y,WADI151025045121,N,P,Valid Premium,2769.4,05:45 03-01-26,,,,,6,,,,DN,PPSP,BVC,WR,LPBP,UMB,NR,CN,HAPY-13,L,LPG,BPC,BPC,BTPG,,,N,32,2,1,34.0+1.0,NC,27092,WAG7,SU,S,09:16,,Y,HAPA221224005212,Y,C,Valid CC,1168.85,23:45 31-12-25,
03-01-2026,WR,DFCR,MSH,,,,,,,,,,,,,,,,,,,,,,,,,,,,,,,,,,,,,,,,,7,,,,DN,KOD,ADI,WR,UJH,IZN,NE,IR,KOD/AMG/UJH,L,SALT,GMPA,SVSF,BCN,"IZN(UJH), LKO(AMG)",21+21,N,42,0,1,42.0+1.0,SW,43397,WAG9HC,SU,S,10:12,Y,,STAR020725012820,N,P,Valid Premium,2645.6,05:45 03-01-26,
03-01-2026,WR,DFCR,MSH,,,,,,,,,,,,,,,,,,,,,,,,,,,,,,,,,,,,,,,,,8,,,,DN,NELM,RJT,WR,HPTR,JHS,NC,IR,NELM/HPTR,L,MIXD,NERL,NERL,BTPN,,,N,50,0,2,50.0+2.0,WR,43887,WAG9HC,SU,S,11:51,,Y,NJPT141025225839,N,P,Valid Premium,2630.21,19:30 01-01-26,
03-01-2026,WR,DFCR,MSH,,,,,,,,,,,,,,,,,,,,,,,,,,,,,,,,,,,,,,,,,9,,,,DN,PPSP,BVC,WR,DWLP,JP,NW,CONR,TWDP-32-DS,L,CONT,CRRS,CRRS,BLC,,,N,45,0,1,45.0+1.0,NC,42704,WAG9HC,SU,D,13:35,,Y,TWLB160524121941,Y,C,Valid CC,1294.53,18:00 01-01-26,
03-01-2026,WR,DFCR,MSH,,,,,,,,,,,,,,,,,,,,,,,,,,,,,,,,,,,,,,,,,10,,,,DN,PRTK,RJT,WR,MRIK,JP,NW,IR,CCSHEEL-,L,MIXD,SHEE,REL,BTFLN,,,N,49,0,2,49.0+2.0,NW,12625,WDG4,SU,N,15:18,,Y,KTTY181122225420,N,C,Valid CC,2692.63,07:52 02-01-26,SFTO
03-01-2026,WR,DFCR,MSH,,,,,,,,,,,,,,,,,,,,,,,,,,,,,,,,,,,,,,,,,11,,,,DN,TCLS,RJT,WR,SOP,LKO,NR,IR,TCLS/SOP,L,SALT,TCL,TTCP,BCN,,,N,42,0,0,42.0+0.0,NC,27569,WAG7,SU,S,19:10,,Y,PCIH140925205640,N,P,Invalid Premium,2685.4,07:52 02-01-26,
03-01-2026,WR,DFCR,MSH,,,,,,,,,,,,,,,,,,,,,,,,,,,,,,,,,,,,,,,,,12,,,,DN,PPSP,BVC,WR,PDLL,DLI,NR,IR,ICAK-17-DS,L,CONT,ADIL,ADIL,BLC,,,Y,45,0,1,45.0+1.0,NR,49145,WDG4G,SU,N,21:32,,Y,SREW061023151735,Y,C,Valid CC,2260.82,14:30 02-01-26,
03-01-2026,WR,DFCR,MSH,,,,,,,,,,,,,,,,,,,,,,,,,,,,,,,,,,,,,,,,,13,,,,DN,PPSP,BVC,WR,DWLP,JP,NW,IR,TXDP--13-,L,CONT,CRRS,CRRS,BLC,,,N,45,0,1,45.0+1.0,WR,43888,WAG9HC,SU,S,22:18,,Y,NHYD120920004914,Y,C,Valid CC,1412.95,06:30 02-01-26,
03-01-2026,WR,DFCR,NOL,1,UP,KPRK,ADI,WR,WGCR,R,SEC,IR,WGCR/MOP,L,IMOP,OPIL,OPIL,BCN,,,N,42,0,1,42.0+1.0,NR,33672,WAG9HC,SU,S,03:48,,Y,TPGY270825091142,N,P,Valid Premium,2105.04,19:30 01-01-26,,JL,BSL,CR,1,,,,DN,CRPD,WAT,ECO,KKF,ADI,WR,IR,KKF/PIDN,L,IS,RINL,RINL,BOST,,,N,45,0,0,45.0+0.0,WR,32032,WAG9HC,SU,D,02:40,,Y,FPY 291225110217,N,P,Valid Premium,2706.5,02:00 02-01-26,
03-01-2026,WR,DFCR,NOL,2,UP,TCLS,RJT,WR,ICDT,MAS,SR,CONR,CONCOR-C-89,L,CONT,CONR,CONR,BLC,,,N,45,0,0,45.0+0.0,NC,41511,WAG9H,SU,S,04:11,,Y,CCJS241024133051,Y,C,Valid CC,2774.5,18:00 01-01-26,,JL,BSL,CR,2,,,,DN,MAAM,SBC,SW,AOMM,ADI,WR,IR,AD-107/AOMM,L,CONT,ILSL,ILSL,BLC,,,N,45,0,1,45.0+1.0,NC,41511,WAG9H,SU,S,07:20,,Y,CEBD070524180540,Y,C,Valid CC,225,02:00 02-01-26,
03-01-2026,WR,DFCR,NOL,3,UP,WCSG,RTM,WR,WCNA,BCT,WR,IR,TPDDU1848-,L,CLKR,WCSG,WCSG,BOXNHL,,,N,58,0,1,58.0+1.0,CR,42471,WAG9HC,MU,N,07:52,,Y,DDU 101225225547,Y,C,Valid CC,4026.57,07:52 02-01-26,,,,,3,,,,DN,TPHS,BCT,WR,BRCY,BRC,WR,IR,N/DSPY-337-,E,,,,BOXN,,,N,0,59,1,59.0+1.0,WR,43569,WAG9HC,SU,S,17:45,,,DSPY190925084032,Y,C,Valid CC,0,21:00 31-12-25,
03-01-2026,WR,DFCR,NOL,,,,,WR,,,WR,,,,,,,,,,,,,,,CR,42472,WAG9HC,MU,N,,,,,Y,,,,,,,,,,,,,,,,,,,,,,,,,,,,,,,,,,,,,,,,,,,,,,,,
03-01-2026,WR,DFCR,NOL,4,UP,KOD,ADI,WR,RSD,R,SEC,IR,KOD/RSD,L,SALT,JNNS,JNNS,BCN,,,N,42,0,1,42.0+1.0,WR,43524,WAG9HC,SU,S,16:32,,Y,DSN 201125202425,N,P,Valid Premium,2675.8,14:30 02-01-26,,JL,BSL,CR,,,,,,,,,,,,,,,,,,,,,,,,,,,,,,,,,,,,,,,,
03-01-2026,WR,DFCR,NOL,5,UP,SIOB,ADI,WR,ASLS,BZA,SC,IR,TPDDU1622-,L,CHES,DSRI,ANSL,BOXNHL,,,N,59,0,1,59.0+1.0,WC,31586,WAG9H,SU,N,16:50,,Y,DDU 260925055157,Y,C,Valid CC,4142.08,06:30 02-01-26,,JL,BSL,CR,,,,,,,,,,,,,,,,,,,,,,,,,,,,,,,,,,,,,,,,
03-01-2026,WR,DFCR,NOL,6,UP,GIMB,ADI,WR,VDI,HYB,SC,IR,VDI/SALT,L,CHES,RKRI,TGVS,BOXN,,,N,59,0,1,59.0+1.0,CR,38789,WAG9HC,MU,N,18:36,Y,,BZA 010825210618,N,P,Valid Premium,4021.12,02:00 02-01-26,,JL,BSL,CR,,,,,,,,,,,,,,,,,,,,,,,,,,,,,,,,,,,,,,,,
03-01-2026,WR,DFCR,NOL,,,,,WR,,,SC,,,,,,,,,,,,,,,CR,38813,WAG9HC,MU,N,,,,,N,,,,,,,,,,,,,,,,,,,,,,,,,,,,,,,,,,,,,,,,,,,,,,,,
03-01-2026,WR,DFCR,NOL,7,UP,BVTD,BVC,WR,DPMT,HYB,SC,IR,SPM-559,L,SALT,NIRL,NIRL,BCN,,,N,42,0,1,42.0+1.0,WC,34020,WAG9H,MU,D,18:56,Y,,ED  051025092240,Y,P,Valid Premium,2626.8,21:00 31-12-25,,JL,BSL,CR,,,,,,,,,,,,,,,,,,,,,,,,,,,,,,,,,,,,,,,,
03-01-2026,WR,DFCR,NOL,,,,,WR,,,SC,,,,,,,,,,,,,,,WC,34027,WAG9H,MU,N,,,,,Y,,,,,,,,,,,,,,,,,,,,,,,,,,,,,,,,,,,,,,,,,,,,,,,,
03-01-2026,WR,DFCR,NOL,8,UP,LFSG,RTM,WR,CHM,BCT,WR,IR,CHM/LFSG,L,CEMT,NVCL,NVCL,BCN,,,N,42,0,1,42.0+1.0,EC,27021,WAG7,SU,S,19:23,,Y,ADRA120925134846,N,P,Valid Premium,2762.6,20:25 02-01-26,,,,,,,,,,,,,,,,,,,,,,,,,,,,,,,,,,,,,,,,,,,,
03-01-2026,WR,DFCR,NOL,9,UP,HVD,ADI,WR,BRMT,PUNE,CR,IR,HVD/BRMT,L,CHES,SCFI,SCFI,BCN,,,N,42,0,1,42.0+1.0,NR,60092,WAG12B,SU,D,21:25,,Y,LKA 120625121345,N,P,Valid Premium,2679.3,19:55 02-01-26,,JL,BSL,CR,,,,,,,,,,,,,,,,,,,,,,,,,,,,,,,,,,,,,,,,
03-01-2026,WR,DFCR,SAH,1,UP,ROZA,MB,NR,WH,PGT,SR,IR,WH,L,W,KAFO,KAFO,BCN,,,N,42,0,1,42.0+1.0,EC,31313,WAG9,SU,S,01:05,,Y,ED  251025011647,N,P,Valid Premium,2748,20:40 29-12-25,,BSR,BB,CR,1,,,,DN,MRJ,PUNE,CR,KRCA,BRC,WR,IR,SAYAJI-10,E,"HSD, MS",,,BTPN,,,N,0,51,1,51.0+1.0,WR,28757,WAG7,SU,D,00:01,,,KRCA051225181304,N,C,CC OverDue,0,21:00 31-12-25,
03-01-2026,WR,DFCR,SAH,2,UP,ICDG,PRYJ,NC,JNPT,BB,CR,CONR,J-45H--JNPT,L,CONT,CONR,CONR,BLC,,,N,45,0,1,45.0+1.0,WC,42626,WAG9HC,SU,S,05:35,,Y,ICDG270325134752,Y,C,Valid CC,1337.28,22:00 30-12-25,,BSR,BB,CR,2,,,,DN,CRTK,BB,CR,SCLS,ADI,WR,IR,GS-02--,L,CONT,CONR,CONR,BLC,,,N,45,0,0,45.0+0.0,NR,60108,WAG12B,SU,D,01:14,,Y,TICD161125113137,N,C,Valid CC,238.38,20:25 02-01-26,
03-01-2026,WR,DFCR,SAH,3,UP,BHT,BKN,NW,AVC,MYS,SW,IR,BHT-AVC,L,R,FCI,FCI,BCN,,,N,42,0,1,42.0+1.0,NR,32233,WAG9HC,SU,D,06:45,Y,,MV  231025213904,N,P,Valid Premium,2685.4,19:00 31-12-25,,BSR,BB,CR,3,BSR,BB,CR,DN,JNPT,BB,CR,MATP,DLI,NR,IR,TWIIL-01--JKTI01,L,CONT,JKTI,JKTI,BLC,,,N,40,5,1,45.0+1.0,NC,41158,WAG9HC,SU,S,06:35,,Y,SMYD161125204133,Y,C,Valid CC,933.31,19:55 02-01-26,
03-01-2026,WR,DFCR,SAH,4,UP,CGMV,BRC,WR,JNPT,BB,CR,CONR,JS-14-,L,CONT,CONR,CONR,BLC,,,N,45,0,1,45.0+1.0,CR,70478,WDG4D,SU,N,10:05,,Y,ICDG301025065558,N,C,Valid CC,654.7,05:10 02-01-26,,BSR,BB,CR,4,BSR,BB,CR,DN,JNPT,BB,CR,PALB,NGP,CR,IR,PALB-AD/=08,L,CONT,ADIL,ADIL,BLC,,,N,45,0,1,45.0+1.0,CR,42501,WAG9HC,MU,N,11:29,,Y,PALB160425123839,Y,C,Valid CC,1302.16,20:40 29-12-25,
03-01-2026,WR,DFCR,SAH,5,UP,SJP,RTM,WR,IGU,SA,SR,IR,TORAL=26-,L,DOC,LFIL,LFIL,BCNHL,,,N,46,12,1,58.0+1.0,WC,31194,WAG9,SU,S,11:46,,Y,FL  170525105358,Y,C,Valid CC,2429.48,13:10 01-01-26,,BSR,BB,CR,,,,,,,,CR,,,CR,,,,,,,,,,,,,,,CR,42516,WAG9HC,MU,D,,,,,Y,,,,,
03-01-2026,WR,DFCR,SAH,6,UP,AOMM,ADI,WR,MAAM,SBC,SW,ADIL,ICAK-20,L,CONT,ILSL,ILSL,BLC,,,N,45,0,0,45.0+0.0,NE,44254,WAG9HC,SU,N,17:59,,Y,ICAK050325164010,Y,C,Valid CC,3112.7,23:30 01-01-26,,BSR,BB,CR,5,BSR,BB,CR,DN,JNPT,BB,CR,CGMV,BRC,WR,IR,-J-30H---=791,L,CONT,CONR,CONR,BLC,,,N,45,0,1,45.0+1.0,NE,44052,WAG9HC,SU,S,12:48,,Y,TICD191125080207,Y,C,Valid CC,769.01,19:00 31-12-25,
03-01-2026,WR,DFCR,SAH,7,UP,FN,DLI,NR,CCH,PUNE,CR,TCOI,TCOI=01--,E,,,,BCACBM,,,N,0,27,1,27.0+1.0,WR,42470,WAG9HC,SU,D,20:13,,,JUDW200924155708,Y,C,Valid CC,0,,,BSR,BB,CR,6,BSR,BB,CR,DN,JNPT,BB,CR,CCMP,BPL,WC,CONR,ICDD--CPFS=789,L,CONT,CONR,CONR,BLC,,,N,45,0,1,45.0+1.0,CR,31114,WAG9H,SU,D,13:36,,Y,GMC 240525053209,Y,C,Valid CC,1246.88,05:10 02-01-26,
03-01-2026,WR,DFCR,SAH,8,UP,DSLP,ADI,WR,JSWT,UBL,SW,IR,TPDDU1759-,L,OTHR,TRLS,JSWT,BOXNHL,,,N,58,0,1,58.0+1.0,WR,43547,WAG9HC,SU,S,20:20,,Y,DDU 151125121528,Y,C,Valid CC,3723.7,16:00 01-01-26,,BSR,BB,CR,7,BSR,BB,CR,DN,JNPT,BB,CR,AFAS,BCT,WR,IR,ALIK012-=ADIL10,L,CONT,ADIL,ADIL,BLC,,,N,45,0,1,45.0+1.0,WR,31488,WAG9HC,SU,D,17:40,,Y,ALIK191225121725,Y,C,Valid CC,2267.02,13:10 01-01-26,
03-01-2026,WR,DFCR,SAH,9,UP,ICDD,PRYJ,NC,JNPT,BB,CR,CONR,R-65-JNPT,L,CONT,CONR,CONR,BLC,,,N,45,0,0,45.0+0.0,CR,21971,WCAG1,MU,N,20:20,,Y,RYD 131224174108,Y,C,Valid CC,1266.23,19:40 01-01-26,,BSR,BB,CR,8,BSR,BB,CR,DN,CRTK,BB,CR,TCLS,RJT,WR,ADIL,"J-48,H-",L,CONT,CONR,CONR,BLC,,,N,40,0,1,40.0+1.0,EC,31060,WAG9,SU,S,19:05,,Y,CTKR060825092515,Y,C,Valid CC,212.04,23:30 01-01-26,
03-01-2026,WR,DFCR,SAH,,,,,NC,,,CR,,,,,,,,,,,,,,,CR,21974,WCAG1,MU,N,,,,,Y,,,,,,,,,9,BSR,BB,CR,DN,JNPT,BB,CR,AFAS,BCT,WR,TCOI,RK-19-=ADIL11,L,CONT,ADIL,ADIL,BLC,,,N,40,0,1,40.0+1.0,WR,43911,WAG9HC,SU,S,21:25,,Y,GMC 040725225057,Y,C,Valid CC,1303.97,,
03-01-2026,WR,DFCR,SAH,10,UP,ICDD,PRYJ,NC,JNPT,BB,CR,CONR,SNF-J-29H/JNPT,L,CONT,CONR,CONR,BLC,,,N,45,0,1,45.0+1.0,WC,41755,WAG9HC,SU,S,20:20,,Y,ICDG200622125613,Y,C,Valid CC,1422.89,23:55 01-01-26,,BSR,BB,CR,,,,,,,,,,,,,,,,,,,,,,,,,,,,,,,,,,,,,,,,
03-01-2026,WR,DFCR,SAH,11,UP,ICDG,PRYJ,NC,JNPT,BB,CR,CONR,R-115H---,L,CONT,CONR,CONR,BLC,,,N,38,2,1,40.0+1.0,EC,41941,WAG9HC,SU,S,20:59,,Y,TICD171225085444,Y,C,Valid CC,1059.45,04:30 01-01-26,,BSR,BB,CR,,,,,,,,,,,,,,,,,,,,,,,,,,,,,,,,,,,,,,,,
03-01-2026,WR,DFCR,SAU,1,UP,CGMV,BRC,WR,PPSP,BVC,WR,CONR,SNF-R-128-,E,,,,BLC,,,N,0,45,1,45.0+1.0,NE,27373,WAG7,SU,S,03:14,,,CSTN210825110659,Y,C,Valid CC,0,,,,,,1,,,,DN,GIMB,ADI,WR,VDI,HYB,SC,IR,VDI/SALT,L,CHES,RKRI,TGVS,BOXN,,,N,59,0,1,59.0+1.0,CR,38789,WAG9HC,MU,N,00:52,Y,,BZA 010825210618,N,P,Valid Premium,4021.12,16:00 01-01-26,
03-01-2026,WR,DFCR,SAU,,,,,WR,,,WR,,,,,,,,,,,,,,,NF,38335,WAG9HC,SU,N,,,,,Y,,,,,,,,,,,,,,,,WR,,,SC,,,,,,,,,,,,,,,CR,38813,WAG9HC,MU,N,,,,,N,,,,,
03-01-2026,WR,DFCR,SAU,2,UP,JSWT,UBL,SW,KRIR,ADI,WR,IR,J/KRIR/12.10,L,IS,JSWT,MULT,SHRN,,,N,40,7,0,47.0+0.0,NC,23943,WAG5H,MU,N,04:20,,Y,ED  211225174116,N,P,Invalid Premium,2275.88,,,,,,2,,,,DN,KNLS,RJT,WR,TKD,DLI,NR,CONR,GT--2-,E,,,,BLC,,,N,0,45,1,45.0+1.0,EC,27060,WAG7,SU,S,01:41,,,ICDG301025225328,Y,C,CC OverDue,0,19:40 01-01-26,
03-01-2026,WR,DFCR,SAU,,,,,SW,,,WR,,,,,,,,,,,,,,,NC,24022,WAG5H,MU,N,,,,,N,,,,,,,,,3,,,,DN,AFGB,ADI,WR,MKIG,BRC,WR,CONR,KRIL-15---,L,CONT,DPWR,DPWR,BLC,,,N,45,0,1,45.0+1.0,WR,41778,WAG9HC,SU,S,04:50,,Y,ARIK270925151913,Y,C,Valid CC,247.5,23:55 01-01-26,
03-01-2026,WR,DFCR,SAU,3,UP,GDGH,DLI,NR,PPSP,BVC,WR,GRFL,PGFS,L,CONT,GRPL,GRPL,BLC,,,Y,45,0,1,45.0+1.0,WR,60525,WAG12B,SU,N,04:36,,Y,JUDW231224165228,Y,C,Valid CC,1407.88,19:15 01-01-26,,,,,4,,,,DN,KOD,ADI,WR,RSD,R,SEC,CONR,KOD/RSD,L,SALT,JNNS,JNNS,BCN,,,N,42,0,1,42.0+1.0,WR,43524,WAG9HC,SU,S,06:13,,Y,DSN 201125202425,N,P,Valid Premium,2675.8,04:30 01-01-26,
03-01-2026,WR,DFCR,SAU,4,UP,CRTK,BB,CR,SCLS,ADI,WR,CONR,GS-02--,L,CONT,CONR,CONR,BLC,,,N,45,0,0,45.0+0.0,NR,60108,WAG12B,SU,D,12:40,,Y,TICD161125113137,N,C,Valid CC,238.38,17:50 01-01-26,,,,,,,,,,,,WR,,,SEC,,,,,,,,,,,,,,,NR,49101,WDG4G,SU,N,,,,,N,,,,,
03-01-2026,WR,DFCR,SAU,5,UP,MKIG,BRC,WR,MVI,RJT,WR,DPWR,KRIL-27-,L,CONT,DPWR,DPWR,BLC,,,N,45,0,1,45.0+1.0,WC,51028,EF9K,SU,S,15:41,,Y,SMYD031025062142,Y,C,Valid CC,207,17:30 02-01-26,,,,,5,,,,DN,BVTD,BVC,WR,DPMT,HYB,SC,CONR,SPM-559,L,SALT,NIRL,NIRL,BCN,,,N,42,0,1,42.0+1.0,WC,34020,WAG9H,MU,D,06:46,Y,,ED  051025092240,Y,P,Valid Premium,2626.8,,
03-01-2026,WR,DFCR,SAU,6,UP,DKN,SBC,SW,MVI,RJT,WR,DPW,KRIL-20/MVI,L,CONT,DPWR,DPWR,BLC,,,N,40,0,1,40.0+1.0,SC,42082,WAG9HC,SU,S,15:45,,Y,CP  060623170334,Y,C,Valid CC,200,14:00 28-12-25,,,,,,,,,,,,WR,,,SC,,,,,,,,,,,,,,,WC,34027,WAG9H,MU,N,,,,,Y,,,,,
03-01-2026,WR,DFCR,SAU,7,UP,PNCS,BB,CR,AFGB,ADI,WR,DAS,NMP-06-,L,CONT,NCLC,NCLC,BLL,,,N,40,0,1,40.0+1.0,NW,43493,WAG9HC,SU,S,16:00,,Y,SMYD290625201046,Y,C,Valid CC,2386.51,04:15 02-01-26,,,,,6,,,,DN,CWCJ,ADI,WR,DWLP,JP,NW,IR,DPTX-09---,E,,,,BLC,,,N,0,40,1,40.0+1.0,WR,49241,WDG4G,SU,N,09:20,,,MKIG250925163628,Y,C,Valid CC,0,,
03-01-2026,WR,DFCR,SAU,8,UP,SXB,UBL,SW,DCCK,ADI,WR,CONR,Z-1H-,L,CONT,CONR,CONR,BLC,,,N,45,0,0,45.0+0.0,SC,41896,WAG9HC,MU,S,17:45,,Y,TICD071225185822,Y,C,Valid CC,243,23:50 30-12-25,,,,,7,,,,DN,WML,RJT,WR,SLI,PUNE,CR,GRFL,WML/PVR+SLI,L,IMFT,GSFC,GSFC,BCN,"PUNE(SLI), SUR(PVR)",24+16,N,40,0,1,40.0+1.0,NR,28126,WAG7,SU,N,09:56,,Y,ET  300125192038,N,P,Valid Premium,2404.4,19:15 01-01-26,
03-01-2026,WR,DFCR,SAU,,,,,SW,,,WR,,,,,,,,,,,,,,,SC,43676,WAG9HC,MU,S,,,,,Y,,,,,,,,,8,,,,DN,HVD,ADI,WR,BRMT,PUNE,CR,CONR,HVD/BRMT,L,CHES,SCFI,SCFI,BCN,,,N,42,0,1,42.0+1.0,NR,60092,WAG12B,SU,D,11:38,,Y,LKA 120625121345,N,P,Valid Premium,2679.3,17:50 01-01-26,
03-01-2026,WR,DFCR,SAU,9,UP,CMLK,WDFC,DFCR,PPSP,BVC,WR,CONR,ICDD-JNPT---,L,CONT,CONR,CONR,BLC,,,Y,45,0,1,45.0+1.0,SC,44134,WAG9HC,SU,D,18:30,,Y,GMC 151025222358,Y,C,Valid CC,2184.95,16:15 02-01-26,,,,,9,,,,DN,NCLW,ADI,WR,C,CPT,CPT,DPWR,N-05--,L,CONT,NCLC,NCLC,BLC,,,N,45,0,1,45.0+1.0,WR,49416,WDG4G,SU,N,15:03,,Y,SMYD010924145651,Y,C,Valid CC,3151.7,17:30 02-01-26,
03-01-2026,WR,DFCR,SAU,10,UP,MAAM,SBC,SW,AOMM,ADI,WR,APSE,AD-107/AOMM,L,CONT,ILSL,ILSL,BLC,,,N,45,0,1,45.0+1.0,NC,41511,WAG9H,SU,S,18:56,,Y,CEBD070524180540,Y,C,Valid CC,225,22:30 28-12-25,,,,,10,,,,DN,MDCC,ADI,WR,KNW,BSL,CR,DPW,ARP-39,L,IMFT,IFFC,IFFC,BCN,,,N,42,0,1,42.0+1.0,WR,43470,WAG9HC,SU,S,15:19,,Y,DSN 060922163002,Y,P,Valid Premium,2661.12,14:00 28-12-25,
03-01-2026,WR,DFCR,SAU,11,UP,MIHK,BRC,WR,NELM,RJT,WR,IR,KAZIRANGA-09,E,HSD,,,BTPN,,,N,0,50,2,50.0+2.0,WC,31471,WAG9H,SU,D,19:15,,,NJPT230325194653,N,C,Valid CC,0,,,,,,11,,,,DN,NELM,RJT,WR,EOLD,NGP,CR,DAS,NELM/EOLD,L,MIXD,NERL,NERL,BTPN,,,N,50,1,1,51.0+1.0,CR,60383,WAG12B,SU,D,16:14,,Y,BAD 091025181010,N,P,Valid Premium,2649.18,04:15 02-01-26,
03-01-2026,WR,DFCR,SAU,,,,,,,,,,,,,,,,,,,,,,,,,,,,,,,,,,,,,,,,,12,,,,DN,PPSP,BVC,WR,BPAG,DLI,NR,CONR,BHARAT-09,L,LPG,BPC,BPC,BTPG,,,N,28,2,1,30.0+1.0,WR,49423,WDG4G,SU,N,16:41,,Y,TWLB131223201143,Y,C,Valid CC,1027.17,23:50 30-12-25,SFTO
03-01-2026,WR,DFCR,SAU,,,,,,,,,,,,,,,,,,,,,,,,,,,,,,,,,,,,,,,,,13,,,,DN,SIOB,ADI,WR,ASLS,BZA,SC,CONR,TPDDU1768-,L,CHES,DSRI,ANSL,BOXNHL,,,N,58,0,1,58.0+1.0,NC,42511,WAG9HC,SU,D,18:07,,Y,DDU 171125184451,Y,C,Valid CC,3923,23:50 30-12-25,
03-01-2026,WR,DFCR,SAU,,,,,,,,,,,,,,,,,,,,,,,,,,,,,,,,,,,,,,,,,14,,,,DN,WCGD,ADI,WR,CMLK,WDFC,DFCR,CONR,GL-2-,L,CONT,CONR,CONR,BLSS,,,N,48,0,1,48.0+1.0,WR,69045,WDG6G,SU,N,19:07,,Y,CEBD110725124922,Y,C,Valid CC,2995.1,16:15 02-01-26,
03-01-2026,WR,DFCR,SJN,1,UP,PPSP,BVC,WR,DRSV,SUR,CR,IR,SPL-20/12,L,IMFT,RCF,RCF,BCN,"SUR(DRSV,KWV)",21+20,N,41,0,1,41.0+1.0,NR,32745,WAG9HC,SU,S,06:02,,Y,MVNP090624173635,N,P,Valid Premium,2613.2,19:15 01-01-26,,,,,1,,,,DN,DKN,SBC,SW,MVI,RJT,WR,APSE,KRIL-20/MVI,L,CONT,DPWR,DPWR,BLC,,,N,40,0,1,40.0+1.0,SC,42082,WAG9HC,SU,S,00:10,,Y,CP  060623170334,Y,C,Valid CC,200,22:30 28-12-25,
03-01-2026,WR,DFCR,SJN,2,UP,MGG,RTM,WR,POY,PGT,SR,IR,POY+VNJ,L,DOC,PFLD,PFLD,BCN,"PGT(POY), SA(VNJ)",21+21,N,42,0,1,42.0+1.0,WR,24679,WAG7,SU,D,07:50,,Y,TPGY190925084010,N,P,Invalid Premium,2413.16,21:30 31-12-25,,BSR,BB,CR,2,,,,DN,JNPT,BB,CR,CGMV,BRC,WR,IR,R-132H-PPS-=777,L,CONT,CONR,CONR,BLC,,,N,45,0,1,45.0+1.0,WR,42036,WAG9HC,SU,S,00:47,,Y,ICDD011025110021,Y,C,Valid CC,622.95,,
03-01-2026,WR,DFCR,SJN,3,UP,VCSN,RTM,WR,TMBY,BB,CR,IR,TMBY/VCSN,L,CEMT,UTCL,UTCL,BCN,,,N,42,0,1,42.0+1.0,WR,43786,WAG9HC,SU,S,12:39,,Y,AGS 300825161526,N,P,Valid Premium,2769.4,01:10 02-01-26,,BSR,BB,CR,3,BSR,BB,CR,DN,JNPT,BB,CR,MKPP,PRYJ,NC,IR,RK-134-PMLP01,L,CONT,PMLP,PMLP,BLSS,,,N,28,20,0,48.0+0.0,WC,33490,WAG9HC,SU,N,07:37,,Y,MKPP270923051627,Y,C,Valid CC,1171.43,19:15 01-01-26,
03-01-2026,WR,DFCR,SJN,4,UP,JNPT,BB,CR,AFAS,BCT,WR,ADIL,ALIK012-=ADIL10,L,CONT,ADIL,ADIL,BLC,,,N,45,0,1,45.0+1.0,WR,31488,WAG9HC,SU,D,20:51,,Y,ALIK191225121725,Y,C,Valid CC,2267.02,19:00 02-01-26,,,,,4,,,,DN,AFAS,BCT,WR,BRCY,BRC,WR,IR,ADANI-113-,E,,,,BLC,,,N,0,45,1,45.0+1.0,WR,32363,WAG9HC,SU,D,18:20,,,SMYD180625062914,Y,C,CC OverDue,0,21:30 31-12-25,
03-01-2026,WR,DFCR,SJN,,,,,,,,,,,,,,,,,,,,,,,,,,,,,,,,,,,,,,,,,5,BSR,BB,CR,DN,JNPT,BB,CR,CGMV,BRC,WR,IR,T-78-H---=797,L,CONT,CONR,CONR,BLC,,,N,45,0,1,45.0+1.0,CR,31074,WAG9HC,SU,N,18:27,,Y,CKYR070225154509,Y,C,Valid CC,772.4,01:10 02-01-26,
03-01-2026,WR,DFCR,SJN,,,,,,,,,,,,,,,,,,,,,,,,,,,,,,,,,,,,,,,,,6,BSR,BB,CR,DN,JNPT,BB,CR,KPFP,BPL,WC,ADIL,TXDP-25-=CRRS04,L,CONT,CRRS,CRRS,BLC,,,N,45,0,0,45.0+0.0,NE,43849,WAG9HC,SU,S,20:50,,Y,KBGB111023150958,Y,C,Valid CC,1058.08,19:00 02-01-26,
03-01-2026,WR,DFCR,SJN,,,,,,,,,,,,,,,,,,,,,,,,,,,,,,,,,,,,,,,,,7,BSR,BB,CR,DN,PNCS,BB,CR,NCLW,ADI,WR,GIPL,PRIS-07-,L,CONT,NCLC,NCLC,BLC,,,N,45,0,0,45.0+0.0,WC,41782,WAG9HC,MU,S,20:50,,Y,VGLJ220325204545,Y,C,Valid CC,2724.67,06:45 31-12-25,
03-01-2026,WR,DFCR,SJN,,,,,,,,,,,,,,,,,,,,,,,,,,,,,,,,,,,,,,,,,,,,,,,,CR,,,WR,,,,,,,,,,,,,,,WC,41836,WAG9HC,MU,S,,,,,Y,,,,,
03-01-2026,WR,DFCR,SJN,,,,,,,,,,,,,,,,,,,,,,,,,,,,,,,,,,,,,,,,,8,BSR,BB,CR,DN,KTIG,BB,CR,CMLK,WDFC,DFCR,CONR,M=1--,L,CONT,CONR,CONR,BLL,,,N,40,0,0,40.0+0.0,CR,31277,WAG9H,SU,D,22:23,,Y,TICD081125034545,Y,C,Valid CC,1972.81,19:20 02-01-26,
03-01-2026,WR,DFCR,SJN,,,,,,,,,,,,,,,,,,,,,,,,,,,,,,,,,,,,,,,,,9,BSR,BB,CR,DN,JNPT,BB,CR,CGMV,BRC,WR,IR,R-82-H-=793,L,CONT,CONR,CONR,BLC,,,N,45,0,1,45.0+1.0,WR,41669,WAG9HC,SU,D,23:51,,Y,TICD171125142333,Y,C,Valid CC,1425.25,19:10 01-01-26,
03-01-2026,WR,NW,BEC,,,,,,,,,,,,,,,,,,,,,,,,,,,,,,,,,,,,,,,,,1,CNA,AII,NW,MVJ,FL,JP,NW,UCGK,AII,NW,IR,FL/E/BCN,E,,,,BCN,,,N,0,42,1,42.0+1.0,NC,32465,WAG9H,SU,S,06:31,,,ADRA250824135901,Y,P,Valid Premium,0,18:00 01-01-26,
03-01-2026,WR,NW,BLDI,1,SMR,GFPA,UMB,NR,CRTK,BB,CR,GIPL,GL-01-,L,CONT,CONR,CONR,BLSS,,,N,48,0,1,48.0+1.0,SC,38246,WAG9HC,MU,N,10:17,Y,,CEBD120625203818,Y,C,Valid CC,2851.2,06:45 31-12-25,,MPR,WDFC,DFCR,1,,,,SMR,DCCK,ADI,WR,UTCK,JU,NW,JMBL,DCCK-UTCK,L,CONT,CONR,CONR,BKI,,,N,40,0,0,40.0+0.0,NR,49131,WDG4G,SU,N,03:52,,Y,TNPM200525165958,N,P,Valid Premium,216,,
03-01-2026,WR,NW,BLDI,,,,,NR,,,CR,,,,,,,,,,,,,,,SC,43743,WAG9HC,MU,S,,,,,Y,,,,,,,,,2,,,,SMR,KPRK,ADI,WR,SOG,BKN,NW,IR,SOG/FERT,L,IMFT,IPL,IPL,BCN,,,N,42,0,1,42.0+1.0,WR,49333,WDG4G,SU,N,06:20,,Y,VGLJ111125051219,Y,P,Valid Premium,2105.04,,
03-01-2026,WR,NW,BLDI,2,SMR,CBKB,JU,NW,CKYR,ADI,WR,CONR,R-54H--,L,CONT,CONR,CONR,BLC,,,N,45,0,1,45.0+1.0,WR,49431,WDG4G,SU,N,10:56,,Y,ICDD120925102209,Y,C,Valid CC,714.68,19:20 02-01-26,,,,,3,,,,SMR,MDCC,ADI,WR,ABS,UMB,NR,IR,ABS/FERT,L,IMFT,IFFC,IFFC,BCN,,,N,42,0,1,42.0+1.0,CR,60407,WAG12B,SU,D,07:13,,Y,MVNP240225105656,N,P,Valid Premium,2655.9,,
03-01-2026,WR,NW,BLDI,3,SMR,PUL,UMB,NR,ND,BRC,WR,IR,PUL/ND,L,R,FCI,FCI,BCN,,,N,42,0,1,42.0+1.0,ER,42344,WAG9HC,SU,N,11:47,,Y,ERM 021025131254,Y,P,Valid Premium,2761.6,19:10 01-01-26,,,,,4,,,,SMR,MDCC,ADI,WR,STD,BKN,NW,IR,PADMINI=28-TP,L,IMFT,IFFC,IFFC,BCNHL,,,N,58,0,1,58.0+1.0,WR,60554,WAG12B,SU,N,07:53,,Y,SMP 070825000340,Y,C,Valid CC,3168.54,,
03-01-2026,WR,NW,BLDI,4,SMR,FZP,FZR,NR,CTA,MYS,SW,IR,FZP-CTA,L,R,FCI,FCI,BCN,,,N,42,0,1,42.0+1.0,WR,69049,WDG6G,SU,N,13:20,,Y,ED  040725014858,N,P,Valid Premium,2766.8,18:00 01-01-26,,,,,5,,,,SMR,NELM,RJT,WR,NELK,JU,NW,IR,SAYAJI-27,L,MIXD,NERL,NERL,BTPN,,,N,50,1,1,51.0+1.0,NW,41791,WAG9HC,SU,D,09:11,,Y,KRCA260822193421,Y,C,Valid CC,2645.96,,
03-01-2026,WR,NW,BLDI,5,SMR,NHYD,SDAH,ER,GIMB,ADI,WR,JMBL,E/23802/BLCS/NB,E,,,,BLC,,,N,0,36,1,36.0+1.0,EC,38654,WAG9HC,SU,N,18:47,,,NHYD291225094902,Y,,Intensive,0,,,,,,6,,,,SMR,MDCC,ADI,WR,GFPA,UMB,NR,IR,RK-089-,L,CONT,PRCL,PRCL,BLSS,,,N,48,0,0,48.0+0.0,CR,60492,WAG12B,SU,N,10:29,,Y,HAPA260323194221,Y,C,Valid CC,2240.69,,
03-01-2026,WR,NW,BLDI,6,SMR,IOTS,JU,NW,PRTK,RJT,WR,IR,IOTS/PRTK,E,HSD,,,BTPN,,,N,0,50,2,50.0+2.0,WR,28622,WAG7,SU,D,19:38,,,BAD 311225234008,N,P,Valid Premium,0,,,,,,7,,,,SMR,MDCC,ADI,WR,ICAK,UMB,NR,IR,RK---46-,L,CONT,ADIL,ADIL,BLC,,,N,40,0,1,40.0+1.0,WR,69034,WDG6G,SU,N,17:45,,Y,JUDW010225102932,Y,C,Valid CC,2261.23,18:50 01-01-26,
03-01-2026,WR,NW,BLDI,7,SMR,SOG,BKN,NW,GIMB,ADI,WR,IR,SOG/EBCN,E,,,,BCN,,,N,0,42,1,42.0+1.0,WR,69043,WDG6G,SU,N,21:12,,,AJNI240425153824,N,P,Invalid Premium,0,,,,,,8,,,,SMR,WPA,ADI,WR,GACL,UMB,NR,GIPL,TPDDU1743-,L,NMCL,AMBC,GACL,BOXNHL,,,N,58,0,1,58.0+1.0,NR,49158,WDG4G,SU,N,20:33,,Y,DDU 101125202022,Y,C,Valid CC,3824.4,16:25 02-01-26,
03-01-2026,WR,NW,BLDI,8,SMR,SMI,SPJ,EC,UMB,UMB,NR,IR,TORALTP02-,E,,,,BCNHL,,,N,0,58,1,58.0+1.0,NW,43503,WAG9HC,SU,S,23:01,,,GIMY090624070558,Y,C,Valid CC,0,,,,,,9,,,,SMR,WPA,ADI,WR,MAMM,JU,NW,IR,NKJ-LION-1609,L,IMCL,AMBC,GACL,BOXNHL,,,N,58,0,1,58.0+1.0,CR,60347,WAG12B,SU,D,21:22,,Y,NKJ 021225194553,Y,C,Valid CC,3977.19,17:00 02-01-26,
03-01-2026,WR,NW,BLDI,9,SMR,HMH,BKN,NW,GIMB,ADI,WR,IR,HMH+SOG/EBCN,E,,,,BCN,,,N,0,42,1,42.0+1.0,WR,49405,WDG4G,SU,N,23:40,,,NGCT241025171948,Y,P,Valid Premium,0,,,,,,10,,,,SMR,MDCC,ADI,WR,GPHK,UMB,NR,IR,TXHT-8-,L,CONT,HTPL,HTPL,BLSS,,,N,48,0,1,48.0+1.0,NE,43739,WAG9HC,SU,S,21:41,,Y,CP  050125061536,Y,C,Valid CC,1910.58,17:00 02-01-26,
03-01-2026,WR,NW,BLDI,,,,,,,,,,,,,,,,,,,,,,,,,,,,,,,,,,,,,,,,,11,,,,SMR,NELM,RJT,WR,NELK,JU,NW,IR,KOCHI=7,L,MIXD,NERL,NERL,BTPN,,,N,50,0,2,50.0+2.0,EC,43374,WAG9HC,SU,S,23:07,,Y,IPN 090325095457,Y,C,Valid CC,2654.67,18:20 02-01-26,
03-01-2026,WR,NW,CNA,1,AII,FL,JP,NW,UCGK,AII,NW,IR,FL/E/BCN,E,,,,BCN,,,N,0,42,1,42.0+1.0,NC,32465,WAG9H,SU,S,06:03,,,ADRA250824135901,Y,P,Valid Premium,0,,,BEC,AII,NW,1,,,,AII,SMP,RTM,WR,GACL,UMB,NR,IR,NKJ-LION-1608,L,CLAY,HAGR,GACL,BOXNHL,,,N,58,0,1,58.0+1.0,WR,12362,WDG4,SU,N,05:17,,Y,NKJ 280925174139,Y,C,Valid CC,3854.7,,
03-01-2026,WR,NW,CNA,2,AII,NFLD,DLI,NR,CNA,RTM,WR,IR,NFLD/CNA,L,FERT,NFL,NFL,BCN,,,N,42,0,1,42.0+1.0,WR,49299,WDG4G,SU,N,08:19,,Y,ED  041025193259,N,P,Valid Premium,2636.8,18:50 01-01-26,,,,,2,,,,AII,WCSG,RTM,WR,WCMB,BKN,NW,IR,NKJ-LION-1608,L,CLKR,WCSG,WCSG,BOXNHL,,,N,58,0,1,58.0+1.0,NW,12270,WDG4,SU,N,09:33,,Y,NKJ 160925134431,Y,C,Valid CC,4039.07,,
03-01-2026,WR,NW,CNA,3,AII,TICD,DLI,NR,CMCK,AII,NW,GIPL,GL-11-,L,CONT,CONR,CONR,BLSS,,,N,48,0,1,48.0+1.0,NF,69199,WDG6G,SU,N,23:58,,Y,CEBD231225195715,Y,C,Valid CC,255.9,16:25 02-01-26,,BEC,AII,NW,3,,,,AII,ACS,RTM,WR,UTCJ,BKN,NW,IR,GPWIS=01-TP,L,CLKR,UTCL,UTCL,BOXNHL,,,N,58,0,1,58.0+1.0,WC,31185,WAG9HC,SU,S,16:36,,Y,SMP 270224080507,Y,C,Valid CC,4067.9,,GWIS
03-01-2026,WR,NW,CNA,,,,,,,,,,,,,,,,,,,,,,,,,,,,,,,,,,,,,,,,,4,,,,AII,WCSG,RTM,WR,WCMB,BKN,NW,CONR,NKJ-LION-160959,L,CLKR,WCSG,WCSG,BOXNHL,,,N,58,0,1,58.0+1.0,WR,49287,WDG4G,SU,N,20:03,,Y,NKJ 271225104038,Y,C,Valid CC,4048.65,22:00 02-01-26,
03-01-2026,WR,NW,CNA,,,,,,,,,,,,,,,,,,,,,,,,,,,,,,,,,,,,,,,,,5,MPR,WDFC,DFCR,AII,KBCS,BRC,WR,KKU,JP,NW,UTCL,YAMUNATP60,L,FERT,KRIB,KRIB,BCNHL,,,N,58,0,1,58.0+1.0,NW,43656,WAG9HC,SU,S,22:43,,Y,KJGY020623163709,Y,C,Valid CC,1505.1,,
03-01-2026,WR,NW,HMT,1,UP,UCGK,AII,NW,CHM,BCT,WR,IR,UCGK/CHM,L,CEMT,JK,JK,BCNAHSM1,,,N,42,0,1,42.0+1.0,NR,70614,WDG4D,SU,N,10:36,,Y,NHYD070225091044,N,P,Invalid Premium,2767.8,17:00 02-01-26,,,,,1,,,,DN,PPSP,BVC,WR,NDT,AII,NW,UTCL,CWC-NMP-03-,E,,,,BLSS,,,N,0,48,1,48.0+1.0,NW,11327,WDM3D,SU,N,02:36,,,NPRY231025154857,Y,C,Valid CC,0,,
03-01-2026,WR,NW,HMT,,,,,NW,,,WR,,,,,,,,,,,,,,,NR,70655,WDG4D,SU,N,,,,,N,,,,,,,,,,,,,,,,,,,,,,,,,,,,,,,,,,,,,,,,,,,,,,,,
03-01-2026,WR,NW,HMT,2,UP,CNAS,RTM,WR,KKF,ADI,WR,IR,KKF+HMT,L,CEMT,BCW,BCW,BCN,,,N,42,0,1,42.0+1.0,NR,24647,WAG7,SU,N,11:15,,Y,DSN 131025172741,N,P,Valid Premium,2765.2,18:20 02-01-26,,,,,,,,,,,,,,,,,,,,,,,,,,,,,,,,,,,,,,,,,,,,
03-01-2026,WR,NW,PNU,1,UP,KKU,JP,NW,ADI,ADI,WR,IR,KKU/E/NMG,E,,,,NMG,,,N,0,22,0,22.0+0.0,NF,12737,WDG4,SU,N,09:42,,,BEN 171224163152,N,P,Valid Premium,0,,,,,,1,,,,DN,BMSB,ADI,WR,KBP,AGRA,NC,IR,KBP/EOIL,L,EOIL,BNGE,BNGE,BCN,,,N,21,7,0,28.0+0.0,NR,49083,WDG4G,SU,N,11:13,,Y,NTST170924000910,N,P,Valid Premium,1058.77,,
03-01-2026,WR,NW,PNU,2,UP,MNQ,PRYJ,NC,KOTA,KOTA,WC,IR,MQJ-01,E,,,,BCN,,,N,0,42,1,42.0+1.0,NR,49093,WDG4G,SU,N,13:57,,,UNGU021025041033,N,P,Invalid Premium,0,,,,,,,,,,,,,,,,,,,,,,,,,,,,,,,,,,,,,,,,,,,,,
03-01-2026,WR,NW,PNU,3,UP,KORI,JP,NW,GIMB,ADI,WR,IR,KORI/E/BCN,E,,,,BCN,,,N,0,42,1,42.0+1.0,NW,70780,WDG4D,SU,N,14:22,,,DYDY290925144434,N,P,Valid Premium,0,,,,,,,,,,,,,,,,,,,,,,,,,,,,,,,,,,,,,,,,,,,,,
03-01-2026,WR,NW,PNU,4,UP,ICDK,JP,NW,MDCC,ADI,WR,CONR,R-131H-MDCC,L,CONT,CONR,CONR,BLC,,,Y,45,0,1,45.0+1.0,WR,28617,WAG7,SU,D,21:48,,Y,ICDD130825120904,Y,C,Valid CC,1213.99,22:00 02-01-26,,,,,,,,,,,,,,,,,,,,,,,,,,,,,,,,,,,,,,,,,,,,
03-01-2026,WR,WC,CNA,1,DN,UTCH,PRYJ,NC,ACS,RTM,WR,UTCL,ACSGPWIS-8-HC-1,E,,,,BOXNHL,,,N,0,58,0,58.0+0.0,SEC,27536,WAG7,MU,N,07:26,,,SMP 211225042042,Y,C,Valid CC,0,,GWIS,,,,1,,,,UP,ACS,RTM,WR,PHDL,DLI,NR,IR,PHDL/ACS,L,CEMT,UTCL,UTCL,BCN,,,N,42,0,1,42.0+1.0,NR,41746,WAG9HC,SU,S,09:00,,Y,KKU 250425054832,N,P,Valid Premium,2762.6,,
03-01-2026,WR,WC,CNA,,,,,NC,,,WR,,,,,,,,,,,,,,,SEC,28336,WAG7,MU,N,,,,,Y,,,,,,,,,2,,,,UP,VCSN,RTM,WR,UTCH,PRYJ,NC,IR,YARADA-R-676,L,CLKR,UTCL,UTCL,BOXN,,,N,59,0,1,59.0+1.0,EC,32646,WAG9HC,MU,N,10:50,,Y,RYD 271025153420,Y,C,Valid CC,4097.65,,
03-01-2026,WR,WC,CNA,2,DN,SV,BSB,NE,UMB,UMB,NR,IR,BCNE/SV,E,,,,BCN,,,N,0,40,1,40.0+1.0,SW,43385,WAG9HC,SU,S,10:45,,,BPB 240225155907,N,P,Invalid Premium,0,,,,,,,,,,,,,WR,,,NC,,,,,,,,,,,,,,,EC,32697,WAG9HC,MU,N,,,,,Y,,,,,
03-01-2026,WR,WC,CNA,3,DN,GTST,BSB,NE,SMP,RTM,WR,IR,AJ-3,E,,,,BCN,,,N,0,42,1,42.0+1.0,EC,31893,WAG9H,SU,N,11:47,,,JTJ 180725215713,N,P,Invalid Premium,0,,,,,,3,,,,UP,JKCG,RTM,WR,HGJ,PRYJ,NC,IR,HGJ/JKCG,L,CLKR,JKC,JKC,BOXN,,,N,59,0,0,59.0+0.0,WR,34002,WAG9HC,SU,D,11:48,,Y,DSPY240925155156,N,P,Valid Premium,4112.66,,
03-01-2026,WR,WC,CNA,4,DN,FUT,DNR,EC,SMP,RTM,WR,IR,JE/MPO-FUT1,E,,,,BCN,,,N,0,42,0,42.0+0.0,NR,28152,WAG7,SU,N,12:48,,,MNTT230425183410,N,P,Invalid Premium,0,,,,,,4,,,,UP,CNAS,RTM,WR,HRW,MB,NR,IR,HRW+MOZ,L,CEMT,BCW,BCW,BCN,"DLI(MOZ), MB(HRW)",24+18,N,42,0,1,42.0+1.0,SE,31726,WAG9H,MU,N,18:50,,Y,GY  161125114745,N,P,Valid Premium,2765.2,,
03-01-2026,WR,WC,CNA,5,DN,GTST,BSB,NE,BRC,BRC,WR,IR,AJ/128,E,,,,BCN,,,N,0,42,1,42.0+1.0,SEC,27817,WAG7,MU,N,13:21,,,MABA230425055302,N,,Intensive,0,,,,,,,,,,,,,WR,,,NR,,,,,,,,,,,,,,,SE,31792,WAG9H,MU,N,,,,,N,,,,,
03-01-2026,WR,WC,CNA,,,,,NE,,,WR,,,,,,,,,,,,,,,SEC,28322,WAG7,MU,N,,,,,N,,,,,,,,,5,,,,UP,ACS,RTM,WR,VBCG,UMB,NR,IR,ACS/GPW-06,L,CLKR,UTCL,UTCL,BOXNHL,,,N,58,0,1,58.0+1.0,ECO,38003,WAG9HC,MU,N,20:11,,Y,SMP 261125101405,Y,C,Valid CC,4051.5,11:10 31-12-25,GWIS
03-01-2026,WR,WC,CNA,6,DN,CHLR,AGRA,NC,SMP,RTM,WR,IR,SSM/BCN,E,,,,BCN,,,N,0,42,1,42.0+1.0,SC,49476,WDG4G,MU,N,17:50,,,DSN 240225151546,N,,Intensive,0,,,,,,,,,,,,,WR,,,NR,,,,,,,,,,,,,,,ECO,38013,WAG9HC,MU,N,,,,,Y,,,,,
03-01-2026,WR,WC,CNA,,,,,NC,,,WR,,,,,,,,,,,,,,,SC,49524,WDG4G,MU,N,,,,,N,,,,,,,,,6,,,,UP,ACS,RTM,WR,MTJ,AGRA,NC,IR,MTJ+JAB,L,CEMT,UTCL,UTCL,BCN,"AGRA(JAB,MTJ)",21+21,N,42,0,1,42.0+1.0,SEC,27536,WAG7,MU,N,21:16,,Y,ED  110925023637,N,P,Valid Premium,2777.2,,
03-01-2026,WR,WC,CNA,7,DN,JNCS,DHN,EC,HZL,RTM,WR,IR,PEE-5902,L,PBC,NCL,HZL,BOXN,,,N,58,1,1,59.0+1.0,SE,27166,WAG7,MU,N,20:05,,Y,GY  200925203137,N,,Intensive,4033.55,11:10 31-12-25,,,,,,,,,,,,WR,,,NC,,,,,,,,,,,,,,,SEC,28336,WAG7,MU,N,,,,,N,,,,,
03-01-2026,WR,WC,CNA,,,,,EC,,,WR,,,,,,,,,,,,,,,SE,27576,WAG7,MU,N,,,,,N,,,,,,,,,,,,,,,,,,,,,,,,,,,,,,,,,,,,,,,,,,,,,,,,
03-01-2026,WR,WC,CNA,8,DN,FCMI,DNR,EC,SMP,RTM,WR,IR,MDJ-194,E,,,,BCN,,,N,0,42,1,42.0+1.0,EC,41597,WAG9HC,SU,N,21:05,,,AJNI090525142541,N,P,Invalid Premium,0,,,,,,,,,,,,,,,,,,,,,,,,,,,,,,,,,,,,,,,,,,,,,
03-01-2026,WR,WC,CNA,9,DN,DSLD,KOTA,WC,CNA,RTM,WR,IR,CNA,L,FERT,DCMS,DCMS,BCNAHSM1,,,N,42,0,1,42.0+1.0,ECO,28139,WAG7,MU,N,23:06,,Y,NHYD250725204009,N,P,Valid Premium,2558.64,19:15 02-01-26,,,,,,,,,,,,,,,,,,,,,,,,,,,,,,,,,,,,,,,,,,,,
03-01-2026,WR,WC,CNA,,,,,WC,,,WR,,,,,,,,,,,,,,,ECO,28142,WAG7,MU,N,,,,,N,,,,,,,,,,,,,,,,,,,,,,,,,,,,,,,,,,,,,,,,,,,,,,,,
03-01-2026,WR,WC,CNA,10,DN,TKD,DLI,NR,SMP,RTM,WR,IR,BCNE,E,,,,BCN,,,N,0,42,1,42.0+1.0,NR,60046,WAG12B,SU,D,23:40,,,BHZ 040625144245,N,P,Invalid Premium,0,,,,,,,,,,,,,,,,,,,,,,,,,,,,,,,,,,,,,,,,,,,,,
03-01-2026,WR,WC,MKC,1,RTA,NFLG,BPL,WC,VRG,RTM,WR,IR,SATHL-TP-131,L,FERT,NFL,NFL,BCNHL,,,N,51,6,0,57.0+0.0,SC,41897,WAG9HC,MU,S,02:06,,Y,STA 110125154046,Y,C,Valid CC,2660.16,05:55 02-01-26,,,,,,,,,,,,,,,,,,,,,,,,,,,,,,,,,,,,,,,,,,,,
03-01-2026,WR,WC,MKC,,,,,WC,,,WR,,,,,,,,,,,,,,,SC,42500,WAG9HC,MU,D,,,,,Y,,,,,,,,,,,,,,,,,,,,,,,,,,,,,,,,,,,,,,,,,,,,,,,,
03-01-2026,WR,WC,MKC,2,RTA,ICDM,JHS,NC,JNPT,BB,CR,CONR,MS-2-,L,CONT,CONR,CONR,BLC,,,N,45,0,0,45.0+0.0,CR,60329,WAG12B,SU,D,04:01,,Y,TICD291225162345,Y,C,Valid CC,1283.36,14:40 31-12-25,,MPR,WDFC,DFCR,,,,,,,,,,,,,,,,,,,,,,,,,,,,,,,,,,,,,,,,
03-01-2026,WR,WC,MKC,3,RTA,ICDM,JHS,NC,JNPT,BB,CR,CONR,J-20H---,L,CONT,CONR,CONR,BLC,,,N,45,0,0,45.0+0.0,NC,24503,WAG7,SU,N,11:52,,Y,TICD311225195235,Y,C,Valid CC,1307.72,10:05 02-01-26,,,,,,,,,,,,,,,,,,,,,,,,,,,,,,,,,,,,,,,,,,,,
03-01-2026,WR,WC,MTA,1,DADN,DKSK,NAG,SEC,NSPN,RTM,WR,IR,N/NTPB,L,PHC,WCF,NTPC,BOXN,,,N,58,0,1,58.0+1.0,NC,42696,WAG9HC,SU,N,00:20,,Y,BZA 120425223446,N,P,Valid Premium,3988.37,06:00 01-01-26,,,,,1,,,,DADN,ANI,RTM,WR,BSPR,BSP,SEC,IR,DELTA/4147-,E,,,,BOXN,,,N,0,59,1,59.0+1.0,SEC,33241,WAG9HC,SU,N,06:43,,,WDD 301025225644,Y,C,Valid CC,0,19:15 02-01-26,
03-01-2026,WR,WC,MTA,2,DADN,WANI,NGP,CR,NSPN,RTM,WR,IR,PM-50856,L,PHC,WCF,NTPC,BOXN,,,N,57,1,1,58.0+1.0,WC,27676,WAG7,MU,S,08:30,,Y,OEC 011125181617,N,P,Valid Premium,3922.25,07:00 01-01-26,,,,,,,,,,,,WR,,,SEC,,,,,,,,,,,,,,,SEC,33293,WAG9HC,SU,N,,,,,Y,,,,,
03-01-2026,WR,WC,MTA,,,,,CR,,,WR,,,,,,,,,,,,,,,WC,28031,WAG7,MU,N,,,,,N,,,,,,,,,2,,,,DADN,NKR,RTM,WR,BSPR,BSP,SEC,IR,AMIT--05,E,,,,BOXN,,,N,0,58,0,58.0+0.0,WC,27676,WAG7,MU,S,21:15,,,BNDM220925181736,Y,C,Valid CC,0,05:55 02-01-26,
03-01-2026,WR,WC,MTA,3,DADN,MCK,BSP,SEC,NSPN,RTM,WR,IR,PM-50889-NSPN,L,PHC,SECL,NTPC,BOXNHL,,,N,59,0,1,59.0+1.0,ER,38243,WAG9HC,SU,S,17:52,,Y,NKJ 120725142546,N,P,Valid Premium,4087.6,18:25 31-12-25,,,,,,,,,,,,WR,,,SEC,,,,,,,,,,,,,,,WC,28031,WAG7,MU,N,,,,,Y,,,,,
03-01-2026,WR,WC,MTA,4,DADN,MCFL,CKP,SE,NSPN,RTM,WR,IR,DELTA-3308--NSPN,L,PHC,MCFL,NTPC,BOXN,,,N,58,1,0,59.0+0.0,WC,33737,WAG9HC,MU,S,19:08,,Y,UDLU041225135230,N,C,Valid CC,3949.46,23:55 30-12-25,,,,,3,,,,DADN,NKR,RTM,WR,BSPR,BSP,SEC,CONR,BOXNE/NSPN,E,,,,BOXN,,,N,0,58,1,58.0+1.0,EC,38048,WAG9HC,MU,N,23:50,,,BZA 120425223446,N,P,Valid Premium,0,14:40 31-12-25,
03-01-2026,WR,WC,MTA,,,,,SE,,,WR,,,,,,,,,,,,,,,WC,42320,WAG9HC,MU,N,,,,,N,,,,,,,,,,,,,,,,WR,,,SEC,,,,,,,,,,,,,,,EC,38299,WAG9HC,MU,N,,,,,N,,,,,
03-01-2026,WR,WC,MTA,5,DADN,MCGB,CKP,SE,NSPN,RTM,WR,IR,MANDIRA-458/NSPN,L,PHC,MCFL,NTPC,BOXN,,,N,58,0,1,58.0+1.0,SC,41584,WAG9HC,MU,N,22:08,,Y,BNDM250825094440,N,P,Valid Premium,4058.84,14:15 31-12-25,,,,,,,,,,,,,,,,,,,,,,,,,,,,,,,,,,,,,,,,,,,,
03-01-2026,WR,WC,MTA,,,,,SE,,,WR,,,,,,,,,,,,,,,SC,43195,WAG9HC,MU,N,,,,,N,,,,,,,,,,,,,,,,,,,,,,,,,,,,,,,,,,,,,,,,,,,,,,,,
03-01-2026,WR,WC,NAD,1,UP,KTTY,KOTA,WC,BSPR,BSP,SEC,IR,SR-31,E,,,,BOXN,,,N,0,58,1,58.0+1.0,ECO,24589,WAG7,MU,N,04:04,,,NPRY130925192536,N,P,Valid Premium,0,,,,,,1,,,,DN,BLRD,RJT,WR,KTTW,KOTA,WC,IR,HAPA/KTTW,E,,,,MIXD,,,N,0,31,1,31.0+1.0,SC,41912,WAG9HC,MU,S,00:19,,,BLRD020126021110,N,,,0,06:00 01-01-26,
03-01-2026,WR,WC,NAD,,,,,WC,,,SEC,,,,,,,,,,,,,,,ECO,28522,WAG7,MU,N,,,,,N,,,,,,,,,,,,,,,,WR,,,WC,,,,,,,,,,,,,,,SC,43966,WAG9HC,MU,S,,,,,N,,,,,
03-01-2026,WR,WC,NAD,2,UP,KPRJ,KOTA,WC,BSPR,BSP,SEC,IR,PRM-5127,E,,,,BOXN,,,N,0,58,1,58.0+1.0,CR,60275,WAG12B,SU,D,04:30,,,BZA 231025213612,N,P,Valid Premium,0,,,,,,2,,,,DN,MBPP,BB,CR,BPAG,DLI,NR,IR,BHARAT-04=BPAG,L,LPG,BPC,BPC,BTPG,,,N,32,2,1,34.0+1.0,SR,32970,WAG9HC,MU,N,03:51,,Y,BSL 020421063453,Y,C,Valid CC,1203.2,07:00 01-01-26,LWIS
03-01-2026,WR,WC,NAD,3,UP,MKPP,PRYJ,NC,JNPT,BB,CR,GIPL,PLPC-50-,L,CONT,PMLP,PMLP,BLSS,,,N,45,0,1,45.0+1.0,WC,41821,WAG9HC,MU,S,08:55,,Y,C   300524124257,Y,C,Valid CC,1266.53,15:30 31-12-25,,,,,,,,,,,,CR,,,NR,,,,,,,,,,,,,,,SR,42023,WAG9HC,MU,S,,,,,Y,,,,,
03-01-2026,WR,WC,NAD,,,,,NC,,,CR,,,,,,,,,,,,,,,WC,42600,WAG9HC,MU,S,,,,,Y,,,,,,,,,3,,,,DN,JNPT,BB,CR,TICD,DLI,NR,IR,ICDG-CGMV=757,L,CONT,CONR,CONR,BLC,,,N,45,0,0,45.0+0.0,NC,32398,WAG9H,SU,D,06:26,,Y,ICDG191224190811,Y,C,CC OverDue,1048.1,23:55 30-12-25,
03-01-2026,WR,WC,NAD,4,UP,GDGH,DLI,NR,JNPT,BB,CR,CONR,GR-23--SHEETAL,L,CONT,GRPL,GRPL,BLC,,,N,45,0,1,45.0+1.0,ER,41099,WAG9HC,SU,S,14:34,,Y,UMB 041017104804,Y,C,Valid CC,1138.81,08:00 02-01-26,,MPR,WDFC,DFCR,4,,,,DN,BKRL,BRC,WR,FN,DLI,NR,IR,CPN/FN,L,AUTO,TCOI,TCOI,NMG,,,N,25,0,0,25.0+0.0,WC,34029,WAG9H,SU,N,09:56,,Y,ED  201225145228,N,P,Invalid Premium,128,23:55 30-12-25,
03-01-2026,WR,WC,NAD,5,UP,NBA,UMB,NR,KBL,UBL,SW,IR,YAMUNATP55,L,R,FCI,FCI,BCNHL,,,N,58,0,1,58.0+1.0,SW,32882,WAG9HC,MU,N,16:14,,Y,KJGY180323060556,Y,C,Valid CC,3683,21:00 01-01-26,,SHRN,BPL,WC,5,,,,DN,KEBG,BCT,WR,FUT,DNR,EC,IR,KEBG-FUT,L,AUTO,MLL,MLL,NMG,,,N,25,0,0,25.0+0.0,SE,32915,WAG9HC,MU,N,11:06,,Y,TNPM141224214851,N,P,Valid Premium,108,14:15 31-12-25,
03-01-2026,WR,WC,NAD,,,,,NR,,,SW,,,,,,,,,,,,,,,SW,38653,WAG9HC,MU,N,,,,,Y,,,,,,,,,,,,,,,,WR,,,EC,,,,,,,,,,,,,,,SE,41077,WAG9HC,MU,N,,,,,N,,,,,
03-01-2026,WR,WC,NAD,6,UP,SKB,PRYJ,NC,RTM,RTM,WR,IR,SKJ-01,E,,,,BCN,,,N,0,42,1,42.0+1.0,SC,41016,WAG9HC,SU,N,16:48,,,ED  020524015052,N,P,Valid Premium,0,,,,,,6,MPR,WDFC,DFCR,DN,JNPT,BB,CR,MATP,DLI,NR,IR,TWIIL-01--JKTI01,L,CONT,JKTI,JKTI,BLC,,,N,40,5,1,45.0+1.0,NC,41158,WAG9HC,SU,S,20:31,,Y,SMYD161125204133,Y,C,Valid CC,933.31,,
03-01-2026,WR,WC,NAD,7,UP,IOCG,AGRA,NC,GNVS,BRC,WR,IR,BRAJ-34,L,FOIL,IOC,GNVF,BTPN,,,N,50,1,1,51.0+1.0,NR,28076,WAG7,SU,N,17:11,,Y,BAD 060625125541,N,C,Valid CC,2719.29,07:40 02-01-26,,,,,7,SHRN,BPL,WC,DN,JSWT,UBL,SW,DDL,FZR,NR,IR,J/DDL/HTPP,L,IS,JSWT,JSWT,SHRN,"DLI(HTPP), FZR(DDL)",31+12,N,43,0,1,43.0+1.0,SR,23972,WAG5H,MU,N,22:33,Y,,BKDC171125165555,N,P,Valid Premium,2608.51,,
03-01-2026,WR,WC,NAD,8,UP,LKES,KOTA,WC,SJP,RTM,WR,IR,SJP+DHWS,L,CEMT,ACC,ACC,BCN,,,N,42,0,1,42.0+1.0,ECO,43338,WAG9HC,SU,N,19:44,,Y,DSN 291025195702,N,P,Invalid Premium,2766,04:45 03-01-26,,,,,,,,,,,,SW,,,NR,,,,,,,,,,,,,,,SR,24409,WAG5H,MU,N,,,,,N,,,,,
03-01-2026,WR,WC,NAD,9,UP,LPBP,UMB,NR,MBPP,BB,CR,BPC,BHARAT-03-,E,LPG,,,BTPG,,,N,0,32,2,32.0+2.0,CR,32372,WAG9HC,SU,N,20:02,,,KTTY070623213642,Y,C,Valid CC,0,,LWIS,,,,8,,,,DN,SCLS,ADI,WR,CTCS,KGP,SE,GIPL,R-136-,L,CONT,CONR,CONR,BLC,,,N,45,0,0,45.0+0.0,NC,27659,WAG7,SU,S,22:46,,Y,ICDG210325041156,Y,C,Valid CC,2782.6,15:30 31-12-25,
03-01-2026,WR,WC,NAD,10,UP,JAB,AGRA,NC,BRC,BRC,WR,IR,EBCN,E,,,,BCN,,,N,0,41,1,41.0+1.0,WR,43957,WAG9HC,SU,S,21:30,,,FL  171025115111,N,P,Valid Premium,0,,,,,,9,,,,DN,KKF,ADI,WR,AZA,RNY,NF,GIPL,KKF/AZA,L,MIXD,WCIL,WCIL,BCNAHSM1,,,N,44,0,1,44.0+1.0,CR,43942,WAG9HC,MU,S,23:38,Y,,NHYD281125054658,N,P,Valid Premium,2294.82,15:30 31-12-25,
03-01-2026,WR,WC,NAD,11,UP,AMG,LKO,NR,STA,JBP,WC,IR,EBCN/AMG,E,,,,BCN,,,N,0,42,0,42.0+0.0,WC,23727,WAG5H,MU,N,22:29,,,GY  281125145617,N,P,Invalid Premium,0,,,,,,,,,,,,,WR,,,NF,,,,,,,,,,,,,,,CR,43944,WAG9HC,MU,S,,,,,N,,,,,
03-01-2026,WR,WC,NAD,,,,,NR,,,WC,,,,,,,,,,,,,,,WC,23843,WAG5H,MU,N,,,,,N,,,,,,,,,10,MPR,WDFC,DFCR,DN,JNPT,BB,CR,MKPP,PRYJ,NC,IR,RK-134-PMLP01,L,CONT,PMLP,PMLP,BLSS,,,N,28,20,0,48.0+0.0,WC,33490,WAG9HC,SU,N,23:54,,Y,MKPP270923051627,Y,C,Valid CC,1171.43,21:00 01-01-26,
03-01-2026,WR,WC,NAD,12,UP,BXG,LMG,NF,UMB,UMB,NR,IR,TORALTP=07,E,,,,BCNHL,,,N,0,57,1,57.0+1.0,WR,32374,WAG9HC,SU,D,22:59,,,GIMY220925162528,Y,C,Valid CC,0,,,,,,,,,,,,,,,,,,,,,,,,,,,,,,,,,,,,,,,,,,,,,
03-01-2026,WR,WC,NAD,13,UP,TICD,DLI,NR,JNPT,BB,CR,CONR,JS-15..-,L,CONT,CONR,CONR,BLC,,,N,45,0,1,45.0+1.0,CR,60436,WAG12B,SU,D,23:40,,Y,CTKR051125120017,Y,C,Valid CC,1124.73,19:30 02-01-26,,MPR,WDFC,DFCR,,,,,,,,,,,,,,,,,,,,,,,,,,,,,,,,,,,,,,,,
03-01-2026,WR,WC,SHRN,1,UP,PLBG,JBP,WC,KRCA,BRC,WR,IR,SAYAJI-19,E,"MS, HSD",,,BTPN,,,N,0,49,1,49.0+1.0,SE,31512,WAG9H,MU,N,03:32,,,KRCA100418212316,N,C,Valid CC,0,,,,,,1,,,,DN,BQE,RTM,WR,BSPR,BSP,SEC,IR,TPDDU1501,E,,,,BOXNHL,,,N,0,58,1,58.0+1.0,CR,42400,WAG9HC,MU,S,03:41,,,DDU 060825152005,Y,C,Valid CC,0,21:00 01-01-26,
03-01-2026,WR,WC,SHRN,,,,,WC,,,WR,,,,,,,,,,,,,,,SE,32524,WAG9HC,MU,N,,,,,N,,,,,,,,,,,,,,,,WR,,,SEC,,,,,,,,,,,,,,,CR,43959,WAG9HC,MU,S,,,,,Y,,,,,
03-01-2026,WR,WC,SHRN,2,UP,IONI,JBP,WC,KRCA,BRC,WR,IR,SAYAJI-24,E,"HSD, MS",,,BTPN,,,N,0,49,2,49.0+2.0,ER,38662,WAG9HC,SU,S,04:05,,,KRCA220225072702,N,C,CC OverDue,0,,,,,,2,,,,DN,MDCC,ADI,WR,NLRT,JHS,NC,IR,BA-BZA-TP-70,L,IMFT,IFFC,IFFC,BCNHL,,,N,58,0,1,58.0+1.0,WR,43728,WAG9HC,SU,S,06:45,,Y,BZA 210325002921,Y,C,Valid CC,3168.54,07:40 02-01-26,
03-01-2026,WR,WC,SHRN,3,UP,MVAA,SBP,ECO,DGFJ,BRC,WR,CONR,CONR-FC-03,L,CONT,NOMA,NOMA,BLC,,,N,40,0,1,40.0+1.0,EC,41024,WAG9HC,SU,S,06:18,,Y,KRCA131225074507,N,C,Valid CC,240,01:30 01-01-26,,,,,3,,,,DN,JBX,RTM,WR,TWS,CKP,SE,IR,TWS/LMNR,E,,,,SHRN,,,N,0,42,1,42.0+1.0,WC,41855,WAG9HC,SU,S,07:25,,,KRCA191225090002,N,P,Valid Premium,0,04:45 03-01-26,
03-01-2026,WR,WC,SHRN,4,UP,IOCE,BPL,WC,IOBD,RTM,WR,IR,TAPTI-114,E,"HSD, MS",,,BTPN,,,N,0,50,1,50.0+1.0,WC,32514,WAG9HC,SU,N,08:28,,,BSL 301125062009,Y,C,Valid CC,0,,,,,,4,,,,DN,PRTK,RJT,WR,PRIL,JHS,NC,BPC,HAPA-25,L,MIXD,REL,REL,BTPN,,,N,50,0,2,50.0+2.0,SEC,43301,WAG9HC,SU,N,09:50,,Y,HAPA080625184612,Y,C,Valid CC,2683.74,,
03-01-2026,WR,WC,SHRN,5,UP,BPCR,JHS,NC,KRCA,BRC,WR,IR,SAYAJI-47,E,"EBMS, HSD",,,BTPN,,,N,0,50,2,50.0+2.0,EC,24586,WAG7,SU,N,09:49,,,KRCA230725001805,Y,C,Intensive,0,,,,,,5,,,,DN,MGG,RTM,WR,MKU,BSL,CR,IR,MKU/MGG,L,FERT,RPLI,RAMA,BCN,,,N,21,21,1,42.0+1.0,SR,44255,WAG9HC,SU,S,11:11,,Y,MAJN030325201348,N,P,Valid Premium,1320.97,,
03-01-2026,WR,WC,SHRN,6,UP,JQSG,JBP,WC,SEH,RTM,WR,IR,SEH+LDA,L,CEMT,ACC,ACC,BCN,,,N,21,21,1,42.0+1.0,WC,51034,EF9K,SU,S,10:50,,Y,NPRY120825182403,N,P,Valid Premium,1386,09:30 31-12-25,,,,,6,,,,DN,RTM,RTM,WR,BIA,R,SEC,IR,SHRN/E,E,,,,SHRN,,,N,0,41,1,41.0+1.0,ER,28299,WAG7,SU,N,11:47,,,HPT 290325073846,N,,Intensive,0,,
03-01-2026,WR,WC,SHRN,7,UP,JSWT,UBL,SW,DDL,FZR,NR,IR,J/DDL/HTPP,L,IS,JSWT,JSWT,SHRN,"DLI(HTPP), FZR(DDL)",31+12,N,43,0,1,43.0+1.0,SR,23972,WAG5H,MU,N,12:41,Y,,BKDC171125165555,N,P,Valid Premium,2608.51,06:00 27-12-25,,NAD,KOTA,WC,7,,,,DN,IOBD,RTM,WR,POLG,BSL,CR,IR,TAPTI-109,L,HSD,IOC,IOC,BTPN,,,N,50,0,2,50.0+2.0,NC,42383,WAG9HC,SU,N,13:31,,Y,BSL 280925225333,Y,C,Valid CC,2663.21,,
03-01-2026,WR,WC,SHRN,,,,,SW,,,NR,,,,,,,,,,,,,,,SR,24409,WAG5H,MU,N,,,,,N,,,,,,,,,8,,,,DN,MDCC,ADI,WR,KEQ,JBP,WC,IR,KEQ/DAP,L,IMFT,IFFC,IFFC,BCN,,,N,42,0,1,42.0+1.0,NE,42019,WAG9HC,SU,S,15:49,,Y,ERM 260625194533,N,P,Invalid Premium,2658.51,,
03-01-2026,WR,WC,SHRN,8,UP,PGCG,BSP,SEC,TSWS,BRC,WR,IR,PM-50887-TSWS,L,PHC,ACB,GSEC,BOXNHL,,,N,58,0,0,58.0+0.0,WC,38451,WAG9HC,SU,N,13:26,,Y,BSL 310325083759,N,P,Valid Premium,4001.99,23:50 30-12-25,,,,,9,,,,DN,PRTK,RJT,WR,PRIL,JHS,NC,CONR,BTFLNSAYAJI-,L,MIXD,REL,REL,BTFLN,,,N,50,0,2,50.0+2.0,EC,27309,WAG7,SU,S,19:17,,Y,KRCA110925191103,N,C,Valid CC,2773.42,19:30 02-01-26,
03-01-2026,WR,WC,SHRN,9,UP,HSPG,CKP,SE,LMNR,RTM,WR,IR,UNICORN-35/LMNR,L,IS,SAIL,SAIL,BOSM,,,N,45,0,0,45.0+0.0,EC,41297,WAG9HC,SU,N,15:43,,Y,BKDC170825022839,Y,C,Intensive,2903.88,22:30 29-12-25,,,,,10,,,,DN,KKF,ADI,WR,TWS,CKP,SE,IR,BOSME/BIA,E,,,,BOST,,,N,0,46,0,46.0+0.0,SW,38565,WAG9HC,SU,N,22:25,,,TNPM201225135003,N,P,Invalid Premium,0,,
03-01-2026,WR,WC,SHRN,10,UP,HSLH,R,SEC,TSWS,BRC,WR,IR,N/TSWS/PM-06/30,L,NPHC,MCWP,GSEC,BOXN,,,N,59,0,1,59.0+1.0,SE,33964,WAG9HC,MU,N,19:04,,Y,ADTP120725165543,N,P,Valid Premium,4026.38,06:30 31-12-25,,,,,,,,,,,,,,,,,,,,,,,,,,,,,,,,,,,,,,,,,,,,
03-01-2026,WR,WC,SHRN,,,,,SEC,,,WR,,,,,,,,,,,,,,,SE,38011,WAG9HC,MU,N,,,,,N,,,,,,,,,,,,,,,,,,,,,,,,,,,,,,,,,,,,,,,,,,,,,,,,
03-01-2026,WR,WC,SHRN,11,UP,SORI,BPL,WC,MGN,RTM,WR,IR,MGN,L,W,MPSC,MPSC,BCN,,,N,42,0,0,42.0+0.0,NW,43450,WAG9HC,SU,S,20:41,,Y,ED  061025203923,N,P,Valid Premium,2745,17:00 02-01-26,,,,,,,,,,,,,,,,,,,,,,,,,,,,,,,,,,,,,,,,,,,,
03-01-2026,WR,WC,SHRN,12,UP,DMGM,NGP,CR,GISN,RTM,WR,IR,TPDDU1746-,L,PBC,WCF,MHC,BOXNHL,,,N,59,0,1,59.0+1.0,WR,43532,WAG9HC,SU,S,21:38,,Y,DDU 111125153859,Y,C,Valid CC,4076.94,14:40 02-01-26,,,,,,,,,,,,,,,,,,,,,,,,,,,,,,,,,,,,,,,,,,,,
03-01-2026,WR,WC,SHRN,13,UP,CTCS,KGP,SE,DCCK,ADI,WR,CONR,R-88H---,L,CONT,CONR,CONR,BLC,,,N,45,0,1,45.0+1.0,NE,27199,WAG7,SU,S,23:55,,Y,ICDD240925031850,Y,C,CC OverDue,692.5,18:20 27-12-25,,,,,,,,,,,,,,,,,,,,,,,,,,,,,,,,,,,,,,,,,,,,
03-01-2026,WR,WC,SHRN,14,UP,PGCG,BSP,SEC,TSWS,BRC,WR,IR,PRAGTITP11-TSWS,L,PHC,ACB,GSEC,BOXNHL,,,N,58,0,1,58.0+1.0,EC,27309,WAG7,SU,S,23:55,,Y,BLEY011025015020,N,C,Valid CC,4028.45,23:00 31-12-25,,,,,,,,,,,,,,,,,,,,,,,,,,,,,,,,,,,,,,,,,,,,
